,GZP2,SCP25,SCP13,SCP5,GZP16,SCP24,YGP43,SCP19,YGP35,YGP40,YNP17,YGP3,YGP10,YGP1,GZP22,YNP25,YNP16,YNP19,YNP7,YNP15,SCP12,SCP23,SCP3,GZP28,YGP7,YNP26,YGP24,GZP5,GZP27,YNP33,YGP30,YGP38,YNP31,GZP13,SCP18,YNP21,YGP41,SCP6,YGP39,SCP20,YNP14,SCP26,SCP9,SCP17,YGP15,SCP1,GZP15,YGP45,SCP29,GZP17,YGP48,GZP24,GZP9,YGP46,YGP23,SCP8,SCP4,GZP8,GZP4,YGP31,YGP44,YNP37,GZP25,SCP28,YNP5,GZP1,GZP30,YNP12,YNP24,YNP4,GZP6,SCP22,SCP10,GZP11,SCP30,YGP2,YGP49,SCP21,GZP26,YGP36,GZP7,YGP18,SCP16,SCP15,YNP30,GZP18,YNP32,GZP29,GZP12,YGP50,YNP34,YNP29,YGP34,YNP10,YNP9,GZP19,YNP23,YNP8,GZP23,SCP11,GZP3,YNP28,GZP20,YGP47,YNP3,SCP14,GZP21,YNP36,GZP14,YGP33,YNP22,YGP26,SCP2,GZP10,SCP7,YNP11,SCP27,YGP32,YGP4,YNP13
d__Bacteria;k__unclassified_d__Bacteria;p__Firmicutes,0.870955945,0.671820768,0.670907234,0.724235393,0.730835902,0.281737209,0.735391547,0.691237257,0.811401797,0.871065655,0.914097389,0.895835102,0.909249387,0.926257145,0.729078354,0.853707775,0.875038767,0.816314319,0.766204801,0.883340699,0.711870079,0.610780126,0.700463122,0.732926524,0.857601931,0.90876619,0.899473205,0.751025788,0.763560282,0.869487152,0.796777521,0.891849994,0.898365026,0.847909152,0.606007327,0.87760654,0.936814789,0.628774858,0.890060897,0.679630931,0.894246487,0.458474714,0.7150567,0.887023284,0.533941205,0.73058286,0.795108377,0.959996058,0.645972628,0.762165749,0.829620746,0.793553816,0.718867883,0.840287318,0.727560295,0.612960713,0.714386383,0.765102841,0.767515127,0.922204692,0.90916252,0.907139719,0.781248107,0.679646899,0.849424939,0.71925089,0.759678149,0.892986589,0.90846483,0.91645855,0.741832064,0.599843056,0.751200589,0.745354353,0.70813229,0.923571184,0.789634501,0.609361341,0.736109565,0.929966471,0.76929468,0.827434045,0.446398702,0.737180153,0.886671498,0.752376091,0.849156806,0.772825547,0.764428725,0.914024802,0.830741148,0.847545187,0.857581698,0.924296765,0.924078894,0.697780274,0.894246411,0.854575794,0.874192332,0.671720233,0.666715592,0.866841652,0.767927916,0.818074224,0.897898447,0.762488163,0.772284769,0.826489056,0.758583976,0.936467395,0.912625694,0.925208405,0.528478733,0.775477572,0.562023202,0.891011035,0.825239029,0.873995809,0.869365618,0.794330752
d__Bacteria;k__unclassified_d__Bacteria;p__Bacteroidota,0.018627584,0.152211474,0.148705539,0.0724037,0.020719224,0.134420228,0.051955328,0.200413162,0.107480467,0.03656067,0.008402174,0.010654566,0.035741182,0.018777873,0.01760164,0.006352383,0.016287816,0.055578019,0.046502926,0.039751562,0.047899586,0.162108146,0.081775376,0.035326076,0.030241978,0.022549429,0.015873979,0.024323713,0.020076347,0.030748892,0.082132471,0.023804788,0.016475773,0.019897417,0.311920191,0.023777515,0.014472721,0.169826846,0.013374585,0.164013881,0.011665785,0.221065366,0.076361894,0.010320009,0.175908948,0.100073118,0.041639213,0.011904008,0.134309358,0.035409913,0.039049901,0.014754978,0.021218226,0.03689245,0.176007311,0.134745229,0.086554037,0.016543497,0.017273605,0.019521387,0.019723198,0.009361371,0.022199754,0.091910242,0.053858987,0.019714233,0.02438811,0.00768644,0.008003358,0.021991365,0.060983246,0.051908101,0.069206296,0.04950353,0.155659295,0.012776328,0.061484314,0.096004286,0.071203915,0.011957753,0.03656714,0.064498894,0.183497982,0.129219659,0.031016266,0.024436561,0.06037835,0.045944142,0.030233597,0.027018518,0.087782402,0.014016289,0.029645371,0.010807331,0.011985801,0.026258275,0.007444488,0.082718775,0.015264089,0.101623781,0.013663697,0.064186018,0.019497639,0.021990426,0.005435894,0.071629117,0.034587377,0.019809352,0.021065479,0.012414289,0.0053772,0.022731999,0.068731304,0.016760991,0.136181936,0.008621655,0.071366299,0.017607005,0.029728424,0.098356099
d__Bacteria;k__unclassified_d__Bacteria;p__Actinobacteria,0.047533237,0.036713289,0.007809393,0.00664149,0.157968796,0.008463752,0.15678639,0.036925333,0.019088574,0.020927316,0.01523239,0.033908198,0.012020666,0.011672648,0.175167666,0.023648371,0.015533881,0.012506362,0.01060845,0.008074158,0.010971001,0.008329577,0.007417121,0.08210443,0.014277308,0.006965935,0.016760482,0.086998526,0.125580537,0.016058953,0.020346356,0.030350943,0.007517374,0.054150437,0.001451571,0.033780903,0.009110288,0.005022675,0.028180147,0.019496418,0.014960473,0.006063743,0.01037126,0.009163582,0.055608236,0.00543775,0.095672674,0.01247684,0.006017798,0.111819568,0.019123661,0.117286141,0.159980391,0.022601892,0.012083939,0.003796374,0.003632091,0.14532871,0.122480313,0.009232477,0.019074289,0.016447847,0.100436604,0.010534526,0.010660736,0.177300619,0.111576279,0.017456428,0.02826485,0.009769439,0.119120872,0.026041426,0.00863233,0.114271309,0.005776792,0.017645598,0.01358813,0.028643109,0.099263718,0.017118385,0.129076248,0.019205037,0.048994761,0.008671538,0.042096006,0.122325893,0.014082098,0.099386155,0.136521113,0.008835183,0.00611804,0.054138909,0.042663325,0.021620395,0.008070958,0.130038497,0.017113525,0.009688834,0.034265423,0.005307359,0.236294534,0.009097322,0.12396505,0.036493484,0.024093844,0.012922586,0.112793007,0.009510804,0.131243657,0.013900618,0.030364654,0.008456699,0.013348326,0.129564776,0.004929676,0.017543847,0.002732946,0.03189944,0.031432302,0.008115362
d__Archaea;k__unclassified_d__Archaea;p__Euryarchaeota,0.017554228,0.036551744,0.044671262,0.030825576,0.051533307,0.010221536,0.015835777,0.000967085,0.001854238,0.016513256,0.010199873,0.02170621,0.00856381,0.011072477,0.035641825,0.005372113,0.00630858,0.019131354,0.046749105,0.015813239,0.070271204,0.04856603,0.081364037,0.047031987,0.023075211,0.011152042,0.015675417,0.066750789,0.049767487,0.015281379,0.013196877,0.016668985,0.010045835,0.0261705,0.001625289,0.006250346,0.022553087,0.049475346,0.022587426,0.027166218,0.001764376,0.07075467,0.082015873,0.017533797,0.02464171,0.117815589,0.019875066,0.000913245,0.109224498,0.047481162,0.0373663,0.028547972,0.066498734,0.037874457,0.001242147,0.041237539,0.059588524,0.031484569,0.033191854,0.030050278,0.018224124,0.006318338,0.041072345,0.104513287,0.025088791,0.043751063,0.025975272,0.015679787,0.001494309,0.014616664,0.02492553,0.138493291,0.037259034,0.031699998,0.050524994,0.008785415,0.070102832,0.074940072,0.031475585,0.011552493,0.01717845,0.012327934,0.018651277,0.048325798,0.001407919,0.063516508,0.023311044,0.030035343,0.020008742,0.00582208,0.01750208,0.001662196,0.026634992,0.003948292,0.035961042,0.010037433,0.001920218,0.01152421,0.033571886,0.097214896,0.021653053,0.013104277,0.053413508,0.003226474,0.0133914,0.069946823,0.030213605,0.024564575,0.034950647,0.022363878,0.001919908,0.020489781,0.088482267,0.026814934,0.040340242,0.001771549,0.025754468,0.031813571,0.015573677,0.013103547
d__Bacteria;k__unclassified_d__Bacteria;p__Proteobacteria,0.016733694,0.055075099,0.063259807,0.052657332,0.010810436,0.470856961,0.005158004,0.023014651,0.004369136,0.005933449,0.008625983,0.002645633,0.013632001,0.002063029,0.01114064,0.024581376,0.006243557,0.006983403,0.022366557,0.004118987,0.090502386,0.104757272,0.080768955,0.013446342,0.003439867,0.002233673,0.00679273,0.006754387,0.014477316,0.005403654,0.011416913,0.002200831,0.032414294,0.023299559,0.006499303,0.013576117,0.002070059,0.108431984,0.001873033,0.032812385,0.024249937,0.166766189,0.03155679,0.049161078,0.131398877,0.006076069,0.004357231,0.001908541,0.012859443,0.00600981,0.003253083,0.011410936,0.009264581,0.008230198,0.005115846,0.066533291,0.022902707,0.009737581,0.013131061,0.002028061,0.002049636,0.014945597,0.016616763,0.015731895,0.014506163,0.012412352,0.008666525,0.006752097,0.027463255,0.003460875,0.003111224,0.10003093,0.087718674,0.009773317,0.013875506,0.022993618,0.005099688,0.11894018,0.006182719,0.001869403,0.002498073,0.010158531,0.019228737,0.035230494,0.011896666,0.0119506,0.01805619,0.009752282,0.00451402,0.006342267,0.00473118,0.013531868,0.005385051,0.013699174,0.00392534,0.11253674,0.01969025,0.008117814,0.014179943,0.027171482,0.039577433,0.008525851,0.008288774,0.112507577,0.008361609,0.037654088,0.008284132,0.013213192,0.009280211,0.002122178,0.026170718,0.002610893,0.182507872,0.013493278,0.057439775,0.021053723,0.016271376,0.005365119,0.002455182,0.008250855
d__Bacteria;k__unclassified_d__Bacteria;p__Spirochaetes,0.008229604,0.027658896,0.046252209,0.080131148,0.005211388,0.040126458,0.015903564,0.010158641,0.014872686,0.016949248,0.001297153,0.021255906,0.003156428,0.016232616,0.004435774,0.000696355,0.000834365,0.060847502,0.040705979,0.006121603,0.042315644,0.034627671,0.024514847,0.04271794,0.0310703,0.018201341,0.026009213,0.027100276,0.007376742,0.016457272,0.035413822,0.015108709,0.010190836,0.00904953,0.005388369,0.005623273,0.003353963,0.015185193,0.029203884,0.042000395,0.001167247,0.019925897,0.061336626,0.009422325,0.044917124,0.015711043,0.005886324,0.004127078,0.046510776,0.005299351,0.033254732,0.00236545,0.005515148,0.029128922,0.025035328,0.115363695,0.068466273,0.003586007,0.001985497,0.003114069,0.015986931,0.001645756,0.004937721,0.051947972,0.018904877,0.005389772,0.051476559,0.008600651,0.000330319,0.003202551,0.011068032,0.034254275,0.020684522,0.012756301,0.037960207,0.000757537,0.02820102,0.030316071,0.014245636,0.008721898,0.012283759,0.029146721,0.023290658,0.007462105,0.010068308,0.005340182,0.015549763,0.008226174,0.008212473,0.023682657,0.021496113,0.000425609,0.010053025,0.001156952,0.003507804,0.004440258,0.000765534,0.003574594,0.008996964,0.060651438,0.003991778,0.003743725,0.005871531,0.002569941,0.003978776,0.026067415,0.003211362,0.010317626,0.020705386,0.002299373,0.000368199,0.005343495,0.096302902,0.002683738,0.163125539,0.000723325,0.031867029,0.012562222,0.030839135,0.048961115
d__Bacteria;k__unclassified_d__Bacteria;p__unclassified_d__Bacteria,0.008403676,0.007434824,0.009815017,0.014940882,0.011085036,0.017893962,0.006366602,0.019281787,0.008856918,0.012746999,0.009631781,0.004561181,0.006931522,0.005296383,0.01517163,0.007207897,0.007207332,0.006905545,0.005827137,0.013784295,0.009467641,0.014752032,0.009693837,0.007015319,0.00898023,0.007028062,0.005486357,0.00701126,0.006400322,0.011077704,0.012983435,0.00766093,0.008331426,0.008321593,0.008699533,0.010910576,0.006771885,0.009719729,0.004819011,0.010798436,0.0061189,0.01772876,0.013545224,0.006913971,0.009058069,0.008264379,0.019560271,0.002651488,0.009504937,0.020479986,0.010147639,0.022507112,0.009929814,0.009068066,0.010690108,0.013364689,0.01538093,0.019288283,0.027706245,0.007501147,0.005989497,0.008758099,0.016421514,0.011090181,0.010805113,0.011719949,0.006199611,0.007166345,0.006226426,0.011920591,0.017609649,0.01681562,0.010834845,0.019593518,0.012040294,0.007128761,0.010532827,0.01677159,0.014401921,0.005376114,0.017703387,0.012035064,0.01250047,0.021835564,0.005909027,0.010628467,0.008871295,0.016243336,0.022176242,0.006082739,0.010311826,0.010380901,0.0102266,0.008460787,0.008562526,0.00789715,0.006665682,0.008600012,0.007416604,0.010823539,0.008353102,0.009547085,0.008900975,0.003120987,0.006812434,0.011031068,0.023718771,0.005906463,0.011357615,0.005885339,0.007307358,0.008023817,0.013162422,0.024606825,0.015461611,0.006507269,0.010114486,0.008463755,0.007229156,0.008272309
d__Bacteria;k__unclassified_d__Bacteria;p__Tenericutes,0.001612363,0.004604563,0.002802551,0.011606469,0.002696017,0.009502899,0.008487238,0.005828941,0.020374561,0.013109055,0.004962282,0.006086595,0.003558154,0.002699126,0.002527972,0.003432379,0.003887083,0.013287258,0.003416583,0.014778689,0.003110979,0.007182101,0.002856112,0.023373256,0.022995533,0.013623315,0.009842441,0.014831995,0.003243526,0.008956148,0.018756624,0.008513692,0.007920614,0.001476051,0.004881432,0.011646508,0.00169571,0.003374134,0.006901393,0.012569063,0.010729439,0.01421927,0.004548861,0.001987515,0.003604295,0.011819924,0.00744847,0.002502531,0.010956037,0.003289887,0.019640105,0.002985749,0.001871873,0.008937721,0.026560489,0.005675611,0.022852961,0.002409464,0.004526936,0.002395728,0.005865238,0.002646648,0.006013471,0.012341512,0.010560695,0.002409697,0.004151727,0.013846353,0.001989722,0.009809433,0.010759912,0.021684393,0.002991369,0.007825795,0.003637011,0.001416384,0.01164733,0.011221483,0.016535099,0.010188161,0.007128447,0.016716576,0.037596659,0.000363085,0.005325508,0.002120026,0.004040028,0.009985846,0.005311435,0.004735088,0.012495038,0.003815949,0.012735517,0.001325255,0.000797915,0.002747868,0.009574799,0.012377415,0.002619423,0.002814512,0.00250885,0.013795662,0.001989366,0.000561953,0.009927382,0.001881438,0.004811051,0.002884735,0.003126705,0.001724359,0.001845379,0.002721386,0.000905154,0.003259759,0.010511641,0.008389332,0.000604038,0.012044595,0.008804163,0.008097803
d__Bacteria;k__unclassified_d__Bacteria;p__Planctomycetota,0.001884358,4.55E-05,0.000834353,0.000317303,0.000264754,0.000372315,0.000104769,0.001316085,0.000639753,0.000327415,0.000594556,8.11E-05,2.03E-05,4.40E-05,0.0002838,0.000476005,0.000276776,0.00066942,0.051874208,0.00022744,0.004111143,0.00171861,0.000323736,0.000225155,0.000194738,0.001675525,0.000122698,0.000232017,0.00015292,0.02239801,0.000260096,0.000138088,0.000486261,0.001676119,0.000173719,0.000603254,3.72E-05,0.001637905,0.00016032,7.24E-05,0.001149089,0.001086128,0.000187565,0.000478088,0.000885071,0.000544205,0.002006336,2.09E-05,0.000568737,0.000646339,0.000131082,0.000385657,0.000255538,0.000499683,0.000761253,0.00032514,0.000412986,0.000300356,0.00043297,0.000123998,0.000147624,0.00128726,0.000264175,0.000475461,0.000399223,0.000249189,0.000135998,0.000851441,0.000222084,0.000215141,0.002430449,0.000804208,0.001393581,0.001794358,0.001671147,0.000100376,0.000596877,0.000915894,0.001896314,0.000151494,0.001679245,0.000367156,0.000249914,0.000205093,0.001384056,0.000310145,0.000533156,0.001246865,0.001410129,0.000185862,0.000332064,0.001293507,0.000120399,0.001309061,0.000112239,0.000156469,0.000908692,0.001029937,0.000928569,0.000444084,0.000613405,0.001007739,0.00024803,2.91E-05,0.000678545,0.000630374,0.000654985,0.083699568,0.000262582,4.87E-05,7.93E-05,3.88E-05,0.000974187,0.000694354,0.000387214,0.000917555,0.000291935,0.000151669,0.000111241,0.002880839
d__Bacteria;k__unclassified_d__Bacteria;p__Fibrobacteres,0.000645595,0.00014313,0.000768372,0.000408141,0.000290704,0.017512864,0.000263721,0.004171318,0.001045139,0.001773958,0.000295892,0.000217036,0.000190669,0.000586905,0.000252886,0.000165467,0.000216321,0.001051955,0.000528767,0.000914813,0.003985491,0.000528588,0.000384983,0.000416197,0.001555366,0.00014216,0.000215657,0.000380705,0.000237543,0.000292154,0.003152638,0.000456123,0.000198337,0.00059678,0.000450679,0.00017914,0.000376495,0.000588514,0.00037029,0.000484811,0.00010714,0.000775161,0.000215515,5.18E-05,0.001356135,0.000164309,0.000699143,8.39E-05,0.00823604,0.000203745,0.001699847,0.000181744,0.000182592,0.001082285,0.001353299,0.00075524,0.000548354,0.000147919,0.000308112,0.00083729,0.000333375,0.00017839,0.000301213,0.015812904,0.000300056,0.000278194,0.000424826,0.000120353,0.000130824,0.000445539,0.001179224,0.000891141,0.00230292,0.000918495,0.003629814,0.000211449,0.004297725,0.000466907,0.000928059,0.000304218,0.000335582,0.002743519,0.000521027,0.000108177,0.000264835,0.000207834,0.000330731,0.000329073,0.00031765,0.000400512,0.000607153,0.000126135,0.000390795,7.77E-05,0.000157232,0.000564076,0.00011301,0.000177751,0.001463115,0.004937809,0.00047223,0.000206262,0.000250702,9.61E-05,0.000140535,0.001400919,0.000280778,0.000147751,0.00039312,0.000242937,0.000140599,0.000537831,0.001750189,0.000265564,0.001490227,0.000122178,0.000737026,0.000443383,0.000357618,0.000593944
d__Bacteria;k__unclassified_d__Bacteria;p__Verrucomicrobia,0.000119803,0.001255157,2.91E-05,0.000639442,0.000535515,4.19E-05,0.000351915,7.43E-05,0.003883467,0.000177267,4.13E-05,0.000574547,2.01E-05,0.001814071,0.000556504,2.06E-05,1.76E-05,0.00084314,0.000792235,0.000128579,0.000544219,0.000560811,0.004211984,0.000364778,0.000369591,1.16E-05,0.000950077,0.000235311,0.000552248,0.0005341,0.000131098,0.000376103,0.000415838,0.000113861,0.000125498,0.000258813,3.66E-05,0.00097678,0.000274897,4.65E-05,1.59E-05,7.42E-05,0.000523994,2.28E-05,0.002501375,3.13E-05,0.002265676,8.16E-06,0.00201089,0.000331669,0.000599506,0.0001865,0.000546791,0.000265573,0.00340785,0.000612495,0.000812624,0.000345799,0.000185856,8.27E-05,0.000561608,2.82E-05,0.000283634,0.000569273,0.000194498,0.000510391,0.001148737,0.000146376,1.25E-05,7.42E-05,0.000577916,0.000114175,0.000199911,0.000796426,0.000609995,2.48E-05,8.80E-05,8.59E-05,0.000454426,0.000271677,0.00068708,0.000259334,0.000213487,0.000180186,0.000331381,0.000592447,0.000217108,0.000527741,0.000584656,0.000142288,5.83E-05,1.93E-05,0.000393304,1.27E-05,2.51E-05,0.00032188,1.68E-05,8.59E-05,0.001024786,0.000396095,0.000194956,7.85E-05,0.000873088,0.000462637,0.00016269,4.57E-05,0.000253467,8.21E-05,0.000552516,2.93E-05,3.09E-05,6.25E-05,0.001074518,0.000306923,6.56E-05,1.65E-05,0.000213959,0.000553159,0.000748081,0.001680181
d__Bacteria;k__unclassified_d__Bacteria;p__Kiritimatiellaeota,0.000596309,5.20E-05,5.76E-05,0.000120592,0.000405683,0.000536603,0.000217435,3.30E-05,0.001615481,0.000405606,2.59E-05,2.61E-05,9.67E-07,1.03E-05,0.000199663,4.52E-05,1.26E-05,0.000152409,8.00E-05,0.000533264,0.000111547,0.000851973,0.000486458,0.000622268,0.000137208,0.000422983,0.000249916,0.000452803,0.000314354,6.09E-05,0.000717187,0.000216771,0.000193781,0.000433015,0.000553303,6.31E-05,5.94E-05,6.26E-05,0.000292484,0.002681098,5.44E-05,0.000472405,0.000122552,7.64E-06,0.000569261,8.56E-05,0.000410196,2.15E-06,0.008383423,0.00038393,0.0002937,5.45E-05,0.000273357,0.000450009,0.003917594,0.000783346,0.000150385,0.00012965,0.000150284,0.000120311,0.000497142,0.000115653,9.52E-05,0.000198565,0.000216834,0.000459178,0.000382355,0.000115254,8.52E-06,0.000258152,0.000626755,0.000330233,0.000178131,0.00068213,0.000539143,6.85E-07,0.000354063,3.67E-05,0.000604995,8.57E-05,7.51E-05,0.000553273,0.000466386,2.83E-05,0.000243673,0.000211294,6.30E-05,0.000135869,0.000114936,0.000293535,0.000677856,5.59E-06,0.000180097,1.68E-05,3.08E-06,2.34E-05,4.19E-05,0.000359495,0.0001361,0.000134808,0.000111714,0.000209508,0.000259658,8.18E-06,8.42E-05,0.000107708,0.000262603,1.01E-05,0.000258958,2.67E-05,7.29E-06,0.000105594,0.000144306,0.000124254,0.000264448,3.69E-05,0.000108327,0.000301364,0.000187669,0.000521601
d__Bacteria;k__unclassified_d__Bacteria;p__Candidatus_Melainabacteria,4.01E-05,4.85E-05,2.84E-05,9.49E-05,0.000146603,0.001758233,0.000166927,0.000507797,0.000431833,0.000178653,8.68E-05,5.95E-05,0.002376186,0.000244504,0.000208148,0.000118448,3.70E-05,8.43E-05,3.81E-05,0.000154042,3.88E-05,6.98E-05,5.55E-05,0.000192129,0.000543209,0.00020104,0.000110407,6.58E-05,0.000179957,2.34E-05,0.000339407,0.000155792,0.000132336,3.41E-05,4.57E-05,0.000101227,0.000304838,8.42E-05,2.85E-05,0.000506098,8.31E-05,0.000156182,6.58E-05,3.99E-05,0.000256161,6.96E-05,0.000154068,0.000466189,7.24E-05,0.000369461,0.000519869,0.000302687,0.000157948,0.000456131,0.00048762,9.08E-05,9.95E-05,0.000257205,0.000372297,0.00027557,6.15E-05,7.86E-05,0.000495644,8.46E-05,0.000142157,0.000163597,0.000144693,0.000112265,0.000137278,0.000101882,0.000181718,0.000565338,4.13E-05,0.000154378,4.12E-05,0.000940901,0.000238275,0.001744642,0.000245484,0.000157441,0.000183913,0.000333086,6.09E-05,1.04E-05,4.10E-05,0.000134602,4.85E-05,0.000252724,0.000189828,0.000210736,0.000167834,0.000124587,0.000694402,3.33E-05,2.42E-05,7.59E-05,5.69E-05,0.000221445,9.68E-05,3.93E-05,0.000102553,0.000236753,0.000120331,2.30E-05,8.55E-05,1.56E-05,0.000378824,2.90E-05,0.0002048,0.000319922,1.72E-05,0.000560522,9.24E-05,0.000198488,0.000118131,5.18E-05,0.000193492,0.00054647,0.000224451,8.05E-05
d__Bacteria;k__unclassified_d__Bacteria;p__Synergistetes,2.07E-05,0.000111614,1.12E-05,5.48E-05,2.36E-05,0.0001253,1.85E-05,6.82E-05,0.000186804,9.67E-05,2.27E-06,9.91E-06,4.43E-06,4.26E-06,1.51E-05,1.97E-06,1.49E-06,2.70E-05,1.16E-05,9.91E-06,3.27E-05,0.000251222,0.000116733,3.02E-05,1.89E-05,9.58E-06,1.42E-05,2.22E-05,2.34E-05,9.02E-06,0.000190931,8.66E-06,1.76E-05,2.76E-05,3.83E-05,4.95E-06,3.85E-06,8.10E-05,6.22E-06,3.34E-05,2.08E-06,0.000859821,6.02E-05,8.67E-05,0.011833877,6.64E-06,1.28E-05,6.75E-07,6.15E-05,1.65E-05,1.50E-05,8.71E-06,3.61E-05,1.39E-05,0.000259297,5.71E-05,1.43E-05,1.39E-05,1.79E-05,5.61E-06,6.98E-05,4.13E-06,1.19E-05,0.000393871,5.85E-06,2.59E-05,1.62E-05,3.43E-06,1.74E-06,5.52E-06,1.31E-05,9.19E-06,0.000295021,1.62E-05,0.000179229,3.48E-06,2.69E-05,0.00012225,1.41E-05,4.10E-06,7.09E-06,0.000176363,9.26E-06,0.000302502,4.95E-06,1.94E-05,1.80E-05,1.09E-05,8.66E-06,1.38E-05,7.21E-06,3.87E-06,1.01E-05,2.33E-06,4.37E-05,3.21E-05,2.53E-06,7.75E-06,1.10E-05,0.001179748,2.34E-05,5.55E-06,1.64E-05,2.91E-05,2.49E-06,9.44E-05,1.25E-05,2.32E-05,1.23E-05,3.42E-06,1.36E-06,4.38E-06,7.22E-05,1.03E-05,0.000161475,1.92E-06,0.000883093,1.16E-05,4.92E-06,1.42E-05
d__Bacteria;k__unclassified_d__Bacteria;p__Chlamydiae,9.73E-05,1.17E-05,0.000131154,9.87E-05,0.000140012,4.57E-06,3.57E-05,2.38E-06,0.000167569,0.00015282,0.000177602,7.10E-05,1.51E-05,1.92E-05,0.000165486,0.00022592,0.000338187,4.37E-05,2.00E-05,0.000174453,2.09E-05,4.53E-06,3.41E-06,8.01E-05,0.000191447,0.000207702,4.62E-05,4.90E-05,9.67E-05,4.36E-05,0.000326694,9.60E-06,4.60E-05,8.90E-05,0,0.000235834,7.94E-05,2.42E-05,7.17E-05,5.01E-05,0.000226566,1.56E-06,7.73E-05,0.000324966,2.49E-05,1.17E-05,0.000210385,0.00030466,4.11E-06,0.000250155,0.00010743,0.000384486,9.64E-05,3.24E-05,0.000106551,9.33E-06,2.29E-05,0.00025511,0.000412746,9.71E-05,3.76E-05,0.000823844,0.000342994,9.54E-06,5.77E-05,0.000157828,0.000107015,0.00016853,0.000209951,0.000161011,0.000144841,4.21E-06,0.000124382,0.000219725,7.71E-07,1.04E-05,9.09E-05,7.73E-06,0.000143168,6.22E-06,0.000202191,0.000299283,8.36E-06,5.93E-05,0.00023836,9.67E-05,9.23E-06,0.000297164,0.00027428,4.37E-05,4.87E-05,0.000198531,0.00012371,9.65E-05,1.79E-05,0.000128188,0.000234299,2.54E-05,0.000153636,7.29E-07,0.000124698,2.86E-05,7.25E-05,0.000131967,0.000177679,4.52E-06,0.000346011,4.07E-05,0.000143873,6.24E-05,0.000157147,0.000107979,3.57E-06,0.000412794,3.76E-06,0.000240665,3.99E-07,0.000154411,1.66E-05,0.000309678
d__Archaea;k__unclassified_d__Archaea;p__Candidatus_Thermoplasmatota,2.20E-05,3.52E-06,3.25E-05,0.000477847,1.63E-05,1.42E-05,0.000152697,7.88E-06,2.72E-06,9.71E-05,7.73E-06,4.25E-05,2.26E-06,1.16E-06,1.23E-05,7.21E-06,2.97E-06,6.35E-05,8.75E-05,5.15E-05,1.61E-05,2.96E-05,0.000400135,2.13E-05,0.000797808,2.61E-05,7.71E-05,1.62E-05,2.45E-05,3.45E-05,0.00019548,9.31E-05,9.45E-06,1.98E-05,4.33E-06,1.53E-05,2.29E-06,0.000419003,8.54E-05,0.000201261,4.70E-06,0.000296433,2.21E-05,9.50E-06,7.54E-05,0.000281248,7.60E-06,1.04E-06,1.23E-05,1.12E-05,0.000790714,2.05E-06,2.20E-05,1.48E-05,3.01E-06,8.69E-05,0.000149447,8.05E-06,2.34E-06,4.89E-06,0.000113851,1.56E-06,8.01E-06,0.000252803,4.88E-05,1.74E-05,4.20E-05,1.49E-05,1.94E-07,2.26E-05,2.68E-05,0.000579956,4.76E-05,1.94E-05,3.38E-05,1.63E-06,7.92E-05,9.70E-06,3.09E-05,6.66E-05,2.70E-05,0.000139487,6.36E-05,0.000756667,4.32E-06,2.27E-05,7.11E-05,1.52E-05,1.42E-05,3.74E-05,6.59E-05,1.03E-06,8.21E-05,1.89E-07,4.62E-06,7.09E-06,4.36E-06,4.27E-05,1.72E-05,0.001339123,8.11E-06,4.95E-05,2.11E-05,2.87E-07,1.37E-05,1.71E-05,4.32E-06,2.82E-05,3.54E-05,1.31E-06,4.20E-06,5.48E-06,9.51E-06,3.00E-06,0.00023789,4.06E-06,3.34E-05,0.00031913,0.000111241,0.000106057
d__Archaea;k__unclassified_d__Archaea;p__unclassified_d__Archaea,7.37E-06,6.81E-06,3.03E-05,8.94E-06,8.21E-05,1.94E-05,3.65E-05,5.70E-06,3.03E-06,0.000102936,1.01E-05,7.47E-05,4.65E-05,2.51E-05,5.05E-05,8.44E-06,7.22E-06,0.000166546,0.00035056,5.29E-05,6.02E-05,7.68E-05,0.000206576,7.87E-05,2.15E-05,2.27E-05,7.08E-05,7.34E-05,0.000121932,0.000192174,1.00E-04,6.28E-05,2.96E-05,1.41E-05,1.24E-06,2.55E-05,3.46E-05,0.000169259,5.54E-05,8.25E-06,1.00E-05,5.80E-05,0.000118457,1.12E-05,1.45E-05,0.000109122,5.25E-06,5.03E-06,0.00020312,3.80E-05,2.87E-05,8.34E-06,8.62E-05,2.45E-05,7.08E-06,4.20E-05,0.000100014,2.88E-05,6.44E-06,3.24E-05,0.000261581,1.08E-05,2.89E-05,5.27E-05,2.93E-05,7.90E-05,7.21E-05,6.60E-05,1.30E-05,6.38E-05,1.11E-05,8.86E-05,3.89E-05,2.48E-05,4.71E-05,5.39E-05,3.52E-05,5.28E-05,1.63E-05,8.67E-05,6.67E-06,8.79E-05,1.52E-05,0.000209368,3.64E-05,7.69E-05,0.000154178,9.33E-06,5.89E-06,3.64E-05,6.42E-05,7.39E-06,3.40E-05,1.10E-05,0.000165769,2.06E-05,1.07E-05,1.75E-05,8.13E-05,8.59E-05,3.52E-05,1.43E-05,7.49E-05,2.08E-06,6.71E-05,5.09E-05,6.09E-06,0.00037447,8.64E-05,3.58E-05,1.99E-05,3.62E-05,5.08E-05,6.45E-06,7.83E-05,1.12E-05,1.27E-05,2.19E-05,2.77E-05,0.000181146
d__Bacteria;k__unclassified_d__Bacteria;p__Candidatus_Saccharibacteria,1.08E-05,4.27E-06,6.21E-06,1.89E-05,3.61E-05,3.93E-05,0.000134949,7.36E-06,3.66E-06,6.84E-05,6.42E-05,0.000119093,3.25E-05,0.000352957,4.30E-05,6.88E-06,5.10E-05,0.00014833,0.000227059,4.16E-05,1.14E-05,5.98E-06,1.81E-05,3.68E-05,0.000507073,6.45E-05,0.000115069,7.79E-06,5.35E-05,1.11E-05,9.70E-05,9.50E-05,3.95E-05,9.73E-06,1.92E-05,4.95E-05,5.14E-05,9.63E-06,4.97E-05,3.62E-06,1.90E-05,5.99E-06,6.25E-06,2.14E-06,3.37E-05,3.20E-06,2.31E-05,0.000596381,3.11E-05,1.76E-05,0.000172732,1.20E-05,3.09E-05,0.000105547,6.19E-06,1.00E-05,8.03E-06,2.65E-05,1.03E-05,0.000103479,4.62E-05,1.69E-05,2.58E-05,5.82E-05,2.33E-05,3.83E-05,1.52E-05,0.000104529,1.87E-06,2.69E-05,1.42E-05,1.48E-05,1.35E-05,1.52E-05,1.17E-05,2.00E-05,9.67E-05,1.71E-05,1.99E-05,5.82E-05,2.18E-05,0.000120782,0.000156159,1.21E-05,0.000388832,1.85E-05,0.000118098,2.11E-05,1.50E-05,9.13E-05,0.000123644,2.92E-06,5.33E-05,2.02E-06,7.70E-07,6.04E-06,1.43E-05,2.15E-05,3.65E-06,1.50E-05,6.13E-06,2.67E-05,2.21E-05,9.97E-06,0.000105365,1.01E-05,1.47E-05,1.99E-05,2.34E-05,4.71E-05,7.10E-06,0.000109977,1.33E-05,1.13E-05,3.23E-05,1.62E-05,7.19E-06,0.000160114,0.00021049,4.74E-05
d__Bacteria;k__unclassified_d__Bacteria;p__Lentisphaerae,3.76E-05,2.66E-05,2.28E-05,3.81E-05,1.85E-05,2.92E-05,2.29E-05,2.40E-05,3.23E-05,3.03E-05,1.60E-06,6.71E-06,1.85E-06,4.65E-06,1.58E-05,2.87E-06,2.12E-06,8.65E-06,7.04E-06,1.46E-05,2.86E-05,0.000317693,3.16E-05,2.51E-05,1.37E-05,1.53E-05,1.50E-05,2.46E-05,1.44E-05,5.53E-06,4.47E-05,1.61E-05,7.10E-06,3.03E-05,7.36E-05,4.28E-06,5.11E-06,3.25E-05,8.53E-06,1.56E-05,2.62E-06,0.001848397,3.17E-05,1.69E-05,3.45E-05,2.01E-05,2.77E-05,1.17E-06,6.93E-05,1.95E-05,2.41E-05,7.98E-06,2.08E-05,2.16E-05,4.97E-05,2.32E-05,1.73E-05,1.17E-05,1.27E-05,7.94E-06,1.31E-05,5.47E-06,8.67E-06,4.99E-05,1.17E-05,1.87E-05,1.64E-05,4.40E-06,5.16E-07,8.88E-06,2.83E-05,3.36E-05,0.000386734,2.44E-05,0.000273555,2.58E-06,3.11E-05,2.04E-05,2.45E-05,8.82E-06,1.81E-05,3.98E-05,1.76E-05,5.57E-05,1.79E-05,1.89E-05,4.96E-06,1.40E-05,1.45E-05,1.56E-05,1.24E-05,3.18E-06,2.00E-05,2.65E-06,9.80E-07,1.06E-05,1.83E-06,9.08E-06,1.40E-05,0.000181964,1.94E-05,7.26E-06,1.95E-05,2.73E-06,3.44E-06,3.11E-05,1.50E-05,5.02E-06,1.59E-05,2.97E-06,6.17E-07,8.70E-06,2.87E-05,9.72E-06,7.37E-05,2.14E-06,0.001125407,1.65E-05,1.50E-05,1.48E-05
d__Bacteria;k__unclassified_d__Bacteria;p__Fusobacteria,1.01E-05,8.05E-05,6.13E-06,1.38E-05,6.81E-05,9.32E-06,2.54E-05,3.87E-05,5.03E-05,2.87E-05,5.36E-05,1.98E-05,5.19E-05,2.24E-05,9.72E-05,0.000160225,4.91E-05,1.01E-05,9.79E-06,3.41E-05,1.66E-05,1.58E-05,4.28E-05,7.80E-05,2.49E-05,1.72E-05,2.23E-05,2.90E-05,6.22E-05,1.06E-05,4.19E-05,1.14E-05,4.15E-05,1.60E-05,1.24E-05,2.68E-05,2.23E-05,3.80E-05,1.03E-05,2.05E-05,7.90E-05,0.000128673,3.63E-05,3.31E-05,3.71E-05,2.05E-05,5.04E-05,1.52E-05,2.13E-05,0.000203192,2.85E-05,0.000172818,8.05E-05,1.64E-05,5.24E-05,1.69E-05,1.64E-05,0.00015139,0.000177922,2.48E-05,2.01E-05,0.000151663,0.000217979,5.85E-05,1.22E-05,7.89E-05,2.93E-05,6.51E-05,5.31E-05,2.63E-05,4.60E-05,5.74E-05,3.05E-05,4.60E-05,4.58E-05,3.32E-05,1.86E-05,6.74E-05,5.25E-05,1.35E-05,4.41E-05,3.21E-05,4.33E-05,1.32E-05,7.56E-06,6.24E-05,1.29E-05,8.59E-05,6.98E-05,1.17E-05,1.84E-05,8.07E-05,4.68E-05,6.43E-05,9.52E-06,9.21E-05,8.91E-05,2.03E-05,2.46E-05,2.22E-05,4.60E-05,2.91E-05,4.26E-05,6.24E-06,5.64E-05,6.54E-05,0.000195896,1.13E-05,6.67E-05,2.48E-05,1.88E-05,3.02E-05,2.60E-05,0.000119393,1.30E-05,8.25E-05,1.51E-05,4.19E-05,1.59E-05,1.02E-05
d__Bacteria;k__unclassified_d__Bacteria;p__Candidatus_Cloacimonetes,1.84E-05,1.18E-05,1.06E-05,2.40E-05,1.08E-05,1.52E-05,1.84E-05,3.34E-05,2.72E-05,1.70E-05,1.31E-05,9.13E-06,4.18E-05,1.31E-05,1.45E-05,3.52E-06,8.07E-06,6.33E-06,3.75E-06,7.18E-06,2.12E-05,2.25E-05,1.02E-05,2.05E-05,9.60E-06,4.75E-06,1.54E-05,3.17E-05,8.60E-06,9.90E-06,2.99E-05,1.95E-05,5.96E-06,2.39E-05,6.18E-07,1.20E-05,1.10E-05,1.16E-05,8.53E-06,2.69E-05,5.51E-06,1.59E-05,1.92E-05,4.75E-06,1.82E-05,1.50E-05,3.38E-05,6.44E-06,1.61E-05,1.21E-05,1.15E-05,8.05E-06,1.38E-05,1.26E-05,4.30E-05,3.73E-05,4.32E-05,1.05E-05,1.37E-05,1.62E-05,6.27E-06,7.62E-06,9.48E-06,1.70E-05,6.05E-06,1.08E-05,7.13E-06,5.27E-06,4.20E-06,5.60E-06,2.74E-05,3.55E-05,1.23E-05,2.31E-05,1.71E-05,2.67E-05,9.82E-06,3.26E-05,2.17E-05,1.48E-05,3.36E-05,2.38E-05,3.58E-06,1.17E-05,7.65E-06,1.66E-05,8.60E-06,1.54E-05,2.47E-05,1.10E-05,7.98E-06,2.12E-05,1.54E-05,1.18E-05,3.29E-06,8.38E-06,5.50E-06,5.87E-06,1.61E-05,2.45E-05,9.49E-06,5.72E-06,1.98E-05,5.53E-06,6.36E-06,1.07E-05,1.29E-05,4.09E-06,8.07E-06,1.23E-05,4.94E-06,1.72E-05,1.75E-05,1.55E-05,2.63E-05,5.32E-06,9.39E-06,1.22E-05,2.29E-05,1.07E-05
d__Bacteria;k__unclassified_d__Bacteria;p__Chloroflexi,1.09E-05,8.23E-06,9.28E-06,2.32E-05,1.59E-05,1.17E-05,1.86E-05,1.68E-05,2.03E-05,1.12E-05,9.66E-06,9.29E-06,4.86E-05,1.75E-05,1.84E-05,3.44E-06,7.01E-06,1.11E-05,8.42E-06,9.84E-06,9.17E-06,3.23E-05,1.09E-05,1.46E-05,2.35E-05,3.58E-06,9.68E-06,1.85E-05,1.27E-05,9.61E-06,1.25E-05,9.05E-06,2.88E-06,1.35E-05,1.05E-05,4.53E-06,1.26E-05,1.62E-05,4.80E-06,1.14E-05,4.88E-06,1.60E-05,2.41E-05,9.59E-06,4.47E-05,1.64E-05,1.68E-05,5.21E-06,1.46E-05,2.09E-05,3.16E-05,1.17E-05,1.91E-05,1.95E-05,2.83E-05,2.18E-05,2.18E-05,1.68E-05,1.45E-05,1.56E-05,7.12E-06,7.41E-06,1.63E-05,1.78E-05,6.53E-06,1.55E-05,9.92E-06,4.48E-06,4.26E-06,5.60E-06,1.92E-05,3.05E-05,1.22E-05,1.49E-05,1.72E-05,3.20E-05,1.29E-05,2.06E-05,1.71E-05,7.11E-06,9.65E-06,1.51E-05,1.10E-05,1.92E-05,4.95E-06,2.13E-05,7.76E-06,1.36E-05,1.23E-05,7.57E-06,8.67E-06,2.46E-05,1.20E-05,4.22E-06,4.27E-06,8.48E-05,5.12E-06,5.64E-06,1.33E-05,1.30E-05,2.45E-05,5.81E-06,2.16E-05,2.87E-06,6.07E-06,1.07E-05,1.35E-05,4.88E-06,1.28E-05,1.23E-05,1.98E-06,1.89E-05,2.13E-05,1.33E-05,2.88E-05,2.88E-06,3.42E-05,2.56E-05,7.96E-06,1.32E-05
d__Bacteria;k__unclassified_d__Bacteria;p__Cyanobacteria,8.56E-06,2.02E-06,3.23E-07,4.94E-06,9.09E-06,2.42E-06,9.70E-06,2.58E-05,6.55E-05,1.52E-05,6.72E-07,7.65E-06,1.02E-05,1.63E-05,8.78E-06,8.19E-07,4.25E-07,4.85E-06,4.30E-06,1.13E-06,2.94E-06,1.42E-05,4.27E-06,1.61E-05,2.83E-05,1.83E-06,2.62E-05,8.91E-06,1.47E-05,5.02E-06,3.70E-05,1.05E-05,2.81E-06,5.77E-06,0,1.43E-06,6.44E-06,8.88E-06,5.95E-06,5.38E-06,7.23E-07,1.26E-05,5.94E-06,3.73E-07,5.61E-05,3.60E-06,1.06E-05,2.82E-06,8.71E-06,6.09E-06,2.59E-05,4.98E-06,9.93E-06,1.36E-05,6.50E-05,9.33E-06,1.21E-05,4.71E-06,6.83E-06,1.23E-05,1.85E-05,2.63E-06,8.75E-06,1.14E-05,8.54E-06,8.38E-06,1.57E-05,1.23E-06,7.74E-07,4.31E-07,7.31E-06,2.81E-05,5.20E-06,1.58E-05,8.57E-07,5.06E-06,1.16E-05,2.00E-05,1.10E-05,1.13E-05,9.86E-06,2.85E-05,1.19E-06,8.22E-08,6.21E-06,1.00E-05,7.62E-06,7.94E-06,8.24E-06,7.57E-06,3.17E-06,8.60E-07,8.03E-06,4.41E-07,6.16E-06,4.03E-06,1.07E-06,2.27E-06,1.05E-05,2.71E-06,8.24E-06,2.99E-06,9.75E-06,6.82E-06,5.85E-07,7.94E-07,5.01E-06,4.95E-06,8.75E-06,4.28E-06,0,1.41E-05,1.11E-05,5.57E-06,1.88E-06,9.60E-07,1.90E-06,2.17E-05,1.45E-05,4.92E-06
d__Bacteria;k__unclassified_d__Bacteria;p__Elusimicrobia,3.25E-06,8.01E-06,1.61E-06,1.12E-05,2.59E-06,9.05E-06,6.02E-06,4.66E-06,2.93E-05,3.86E-06,6.72E-07,2.34E-06,4.84E-07,1.45E-06,2.67E-06,1.31E-06,5.31E-07,2.46E-06,3.02E-05,1.99E-06,1.25E-05,6.17E-06,3.02E-05,4.65E-06,5.76E-06,1.05E-05,3.60E-06,2.92E-06,4.04E-06,8.00E-07,8.75E-06,1.81E-06,4.76E-05,3.06E-06,0.00013848,9.23E-07,1.41E-06,6.11E-06,1.78E-06,4.54E-06,4.52E-07,1.18E-05,2.35E-05,2.24E-06,3.18E-06,3.05E-06,8.93E-06,5.52E-07,2.56E-05,2.77E-06,9.08E-06,1.46E-06,2.73E-06,3.10E-06,4.28E-05,1.55E-05,1.53E-05,2.23E-06,1.69E-06,1.84E-06,2.55E-06,6.44E-07,2.86E-06,3.07E-05,1.68E-06,2.21E-06,5.02E-06,3.52E-07,3.23E-07,2.67E-06,1.20E-05,2.64E-05,1.12E-05,7.77E-06,3.60E-06,2.63E-07,8.48E-06,1.08E-05,1.20E-05,1.50E-06,9.96E-06,7.48E-06,2.15E-05,1.32E-06,3.24E-06,4.12E-06,8.53E-06,7.65E-06,7.00E-06,8.70E-07,2.29E-05,1.72E-07,8.33E-06,0,9.10E-07,1.77E-06,3.79E-07,7.05E-07,7.14E-06,9.68E-06,6.06E-06,1.20E-06,2.82E-06,4.31E-07,1.02E-06,6.43E-06,2.46E-06,1.53E-05,2.80E-06,9.70E-07,0,1.68E-06,4.15E-05,4.07E-06,8.64E-06,8.86E-07,1.66E-05,5.37E-06,2.42E-06,6.11E-05
d__Bacteria;k__unclassified_d__Bacteria;p__Acidobacteria,1.62E-06,2.99E-07,2.42E-07,4.21E-07,8.18E-06,6.27E-07,0.000142142,4.15E-07,8.89E-05,1.69E-05,1.01E-06,9.13E-06,1.85E-06,2.81E-06,1.21E-05,3.28E-07,0,7.74E-07,3.66E-07,1.53E-06,2.35E-07,5.79E-07,6.40E-07,5.83E-06,4.18E-06,1.67E-06,3.11E-06,5.39E-06,7.02E-06,4.37E-07,1.27E-05,3.30E-05,1.61E-06,3.60E-06,6.18E-07,8.39E-07,3.70E-06,6.70E-07,6.48E-06,2.52E-07,1.81E-07,3.28E-07,3.07E-07,3.73E-07,4.01E-06,2.35E-07,8.77E-06,1.53E-06,3.63E-07,6.88E-06,7.41E-06,6.37E-06,8.34E-06,1.18E-05,3.38E-05,2.33E-07,3.13E-07,8.51E-06,7.61E-06,3.21E-06,2.66E-06,9.66E-07,6.79E-06,4.66E-07,4.04E-07,1.00E-05,4.01E-06,7.03E-07,5.16E-07,1.47E-06,3.12E-06,5.54E-07,9.99E-08,4.86E-06,3.43E-07,1.53E-06,4.69E-06,3.68E-07,3.84E-06,1.11E-05,4.72E-06,1.26E-05,5.97E-07,8.22E-08,5.71E-05,7.08E-06,1.26E-06,4.44E-06,6.37E-06,2.44E-06,2.57E-07,4.30E-07,2.46E-05,1.26E-07,9.10E-07,1.33E-05,4.42E-07,1.02E-06,1.78E-06,2.08E-07,1.38E-05,9.39E-07,7.66E-06,3.57E-05,1.68E-06,4.76E-07,6.19E-06,1.29E-06,7.80E-06,1.17E-05,1.17E-06,3.48E-06,1.98E-07,6.54E-06,2.51E-07,5.91E-07,3.00E-07,1.78E-05,3.44E-05,2.55E-06
d__Archaea;k__unclassified_d__Archaea;p__Crenarchaeota,7.58E-07,1.27E-05,2.66E-06,2.30E-05,2.09E-06,8.96E-08,7.74E-06,7.26E-07,1.05E-07,2.38E-06,4.20E-07,9.44E-06,0,2.13E-06,1.90E-06,5.73E-07,0,3.31E-06,3.38E-06,3.66E-06,8.46E-06,3.86E-06,1.06E-05,1.31E-05,2.11E-05,7.75E-06,1.86E-05,5.91E-06,3.25E-06,1.38E-06,4.55E-06,2.28E-06,5.43E-06,1.26E-06,0,4.53E-06,7.40E-07,3.35E-07,5.77E-06,8.41E-08,1.81E-07,2.38E-06,1.44E-05,0,1.18E-07,2.35E-07,2.04E-06,4.91E-07,6.29E-06,4.11E-06,1.88E-05,3.15E-06,1.90E-06,6.74E-06,1.42E-06,7.00E-07,3.13E-07,2.16E-06,3.51E-06,1.12E-06,1.04E-05,1.07E-06,2.78E-06,6.49E-05,2.15E-06,2.85E-06,1.88E-05,1.23E-06,5.16E-07,1.90E-06,2.74E-06,3.10E-06,5.00E-07,4.01E-06,9.85E-06,1.58E-07,7.52E-06,2.82E-06,3.47E-06,4.44E-06,1.54E-06,5.08E-06,1.79E-06,8.22E-08,9.82E-06,9.06E-07,2.94E-06,2.55E-06,2.29E-06,7.22E-06,7.04E-06,4.30E-07,2.71E-06,7.56E-07,1.19E-06,1.35E-05,0,1.49E-06,3.65E-06,1.87E-06,1.76E-05,8.54E-07,7.22E-07,6.46E-07,1.61E-06,5.08E-06,2.55E-06,1.43E-06,9.71E-06,1.03E-06,3.70E-07,2.32E-06,0.000242259,2.39E-06,2.51E-07,7.38E-08,3.00E-07,1.07E-05,4.47E-06,5.43E-06
d__Bacteria;k__unclassified_d__Bacteria;p__Thermotogae,4.33E-07,1.05E-06,2.34E-06,2.10E-06,1.25E-06,3.59E-06,1.88E-06,1.04E-06,5.23E-07,4.45E-06,8.40E-08,8.58E-07,1.37E-06,1.26E-06,2.08E-06,2.46E-07,0,7.74E-07,9.15E-08,5.98E-07,7.05E-07,3.09E-06,1.07E-06,1.98E-06,1.43E-05,2.75E-06,2.83E-06,2.99E-06,5.27E-07,2.98E-06,4.08E-06,1.89E-06,1.21E-06,1.71E-06,1.24E-06,3.35E-07,1.48E-07,1.01E-06,2.13E-06,1.94E-06,4.52E-07,6.57E-07,6.65E-06,1.49E-06,2.12E-06,4.38E-06,1.57E-06,1.23E-07,1.21E-06,9.49E-07,1.08E-05,8.05E-07,2.50E-06,1.08E-06,7.08E-07,1.50E-05,6.26E-06,1.18E-06,1.50E-06,3.21E-07,1.06E-06,6.98E-07,1.06E-06,3.26E-06,1.48E-06,9.48E-07,6.69E-07,6.15E-07,7.74E-07,4.31E-07,1.75E-06,4.54E-06,5.99E-07,1.70E-06,2.06E-06,1.05E-06,1.49E-06,3.07E-06,2.53E-06,3.90E-06,3.08E-07,4.28E-06,1.19E-06,1.09E-05,8.10E-07,2.06E-06,6.15E-06,1.82E-06,1.11E-06,3.17E-05,4.29E-07,3.44E-07,1.40E-06,3.15E-07,1.89E-06,2.22E-05,4.42E-07,9.40E-07,2.33E-07,5.10E-06,1.34E-05,1.71E-07,2.60E-06,5.74E-07,8.04E-07,1.75E-06,1.57E-06,1.35E-05,1.57E-06,2.85E-07,3.09E-07,1.29E-07,4.46E-06,2.12E-06,2.13E-06,2.21E-07,9.68E-06,6.25E-06,1.16E-06,1.13E-05
d__Bacteria;k__unclassified_d__Bacteria;p__Candidatus_Hydrogenedentes,7.58E-07,1.95E-06,2.98E-06,4.52E-06,5.01E-07,1.70E-06,3.91E-07,1.14E-06,9.41E-07,9.90E-07,0,6.24E-07,0,9.68E-08,5.34E-07,0,1.06E-07,1.41E-06,6.13E-06,2.79E-06,1.53E-06,3.96E-06,4.05E-06,6.92E-07,1.03E-06,5.83E-07,6.36E-07,8.98E-07,2.63E-07,2.40E-06,1.05E-06,3.15E-07,4.02E-07,3.60E-07,0,5.03E-07,1.48E-07,2.35E-06,2.66E-07,2.94E-06,0,4.68E-06,4.61E-06,1.02E-06,9.43E-07,1.72E-06,3.13E-07,6.13E-08,1.93E-06,8.70E-07,1.43E-06,2.93E-07,6.82E-07,1.70E-06,8.85E-07,2.68E-06,3.02E-06,5.89E-07,4.55E-07,2.40E-07,5.31E-07,0,1.64E-07,5.59E-06,7.40E-07,8.69E-07,1.34E-06,3.52E-07,0,1.29E-06,2.06E-06,3.10E-06,1.40E-06,9.72E-07,3.94E-06,5.27E-08,1.34E-06,3.56E-06,1.12E-06,1.37E-07,8.21E-07,1.34E-06,7.46E-06,4.03E-06,0,8.24E-07,3.10E-05,8.74E-07,6.24E-07,3.48E-07,1.29E-06,8.60E-08,4.01E-07,6.30E-08,2.80E-07,0,0,1.41E-06,3.10E-07,3.64E-06,3.95E-07,2.05E-06,7.95E-07,0,2.19E-07,1.59E-06,4.91E-07,3.30E-06,8.89E-07,1.14E-07,6.17E-08,6.45E-08,1.88E-06,6.19E-07,9.40E-06,0,2.64E-05,8.77E-07,2.68E-07,3.13E-06
d__Bacteria;k__unclassified_d__Bacteria;p__Deferribacteres,1.19E-06,9.66E-06,4.36E-06,1.37E-06,1.25E-06,1.25E-06,1.49E-06,1.04E-06,8.36E-07,1.58E-06,1.34E-06,7.02E-07,1.53E-06,4.84E-07,1.13E-06,1.39E-06,1.06E-07,7.03E-07,1.56E-06,2.66E-06,1.29E-06,1.83E-06,6.40E-07,1.29E-06,1.51E-06,1.92E-06,7.77E-07,1.05E-06,2.19E-06,1.53E-06,2.57E-06,1.18E-06,1.34E-06,2.97E-06,0,7.55E-07,5.18E-07,5.53E-06,9.77E-07,1.01E-06,9.03E-07,1.64E-07,1.64E-06,2.45E-05,3.06E-06,3.13E-07,9.40E-07,3.07E-07,6.05E-07,4.74E-07,3.50E-06,7.32E-07,1.14E-06,1.86E-06,7.08E-07,2.33E-07,3.13E-07,1.18E-06,5.85E-07,1.04E-06,1.06E-06,1.82E-06,4.09E-07,1.98E-06,1.41E-06,1.11E-06,1.23E-06,2.02E-06,1.16E-06,1.38E-06,1.30E-06,1.22E-06,3.50E-06,9.72E-07,1.11E-06,1.26E-06,4.61E-06,6.14E-07,8.43E-07,1.44E-06,5.13E-07,1.47E-06,0,2.47E-07,3.60E-07,9.89E-07,1.19E-06,6.56E-07,6.93E-07,7.83E-07,1.80E-06,2.58E-07,5.02E-06,1.13E-06,1.40E-06,8.86E-07,6.95E-07,1.25E-06,2.10E-06,1.04E-06,5.27E-07,1.02E-06,7.95E-07,3.59E-07,1.02E-06,2.54E-06,5.89E-07,1.86E-06,1.23E-06,4.57E-07,1.23E-07,4.51E-07,9.90E-07,7.07E-07,5.76E-06,5.17E-07,2.10E-06,2.41E-06,9.84E-07,7.66E-07
d__Bacteria;k__unclassified_d__Bacteria;p__Candidatus_Riflebacteria,2.17E-07,7.49E-07,8.87E-07,5.05E-06,3.34E-07,1.79E-06,1.72E-06,1.14E-06,7.32E-07,7.92E-07,0,1.25E-06,3.22E-07,1.55E-06,4.75E-07,0,0,1.55E-06,9.15E-07,3.99E-07,3.88E-06,1.45E-06,4.27E-07,1.98E-06,1.58E-06,4.16E-07,2.12E-06,1.57E-06,7.02E-07,2.18E-07,3.27E-06,1.81E-06,4.69E-07,5.40E-07,6.18E-06,0,2.96E-07,2.35E-06,1.51E-06,6.73E-07,0,3.12E-06,3.48E-06,0,4.01E-06,2.35E-07,2.35E-07,7.97E-07,4.23E-06,3.16E-07,2.15E-06,1.46E-07,4.55E-07,2.32E-06,3.01E-06,9.45E-06,4.48E-06,3.27E-07,2.60E-07,8.02E-08,1.06E-06,1.61E-07,4.09E-07,1.75E-06,6.73E-07,4.74E-07,2.45E-06,0,0,8.62E-08,4.57E-07,1.11E-06,3.00E-07,3.64E-07,2.31E-06,0,2.23E-06,7.36E-07,8.43E-07,4.79E-07,4.11E-07,2.14E-06,5.97E-07,2.47E-07,1.17E-06,1.65E-07,6.99E-07,2.91E-07,2.77E-07,1.65E-06,7.72E-07,0,1.71E-06,0,1.40E-07,2.82E-06,0,3.13E-07,8.54E-07,1.02E-05,1.19E-06,1.71E-07,5.78E-07,7.89E-07,0,7.14E-07,9.82E-08,1.43E-07,9.57E-07,2.28E-07,0,6.45E-08,2.97E-06,1.77E-07,1.05E-05,0,3.99E-07,4.39E-07,5.01E-06,2.94E-06
d__Bacteria;k__unclassified_d__Bacteria;p__Deinococcus-Thermus,3.25E-07,0,0,0,5.84E-07,0,2.03E-06,0,2.09E-07,2.97E-07,0,7.80E-08,1.61E-07,9.68E-08,6.53E-07,0,0,2.11E-07,5.49E-07,6.65E-08,1.18E-07,0,0,4.94E-07,2.74E-07,1.08E-06,7.06E-08,2.99E-07,0,6.11E-06,3.50E-07,7.87E-08,0,9.01E-07,0,1.36E-05,2.22E-07,8.38E-08,0,0,2.71E-07,8.21E-08,1.02E-07,0,1.18E-07,0,6.27E-07,6.13E-08,0,7.91E-07,2.39E-07,6.58E-07,1.44E-06,7.75E-08,1.77E-07,0,0,2.62E-07,5.92E-06,2.40E-07,1.06E-07,2.63E-06,2.45E-07,1.16E-07,1.82E-06,3.95E-07,0,0,0,8.62E-08,2.29E-07,0,9.99E-08,2.19E-05,0,1.05E-07,2.23E-07,0,1.87E-07,0,2.67E-06,0,2.99E-07,1.64E-07,3.94E-05,8.24E-07,4.20E-07,1.60E-06,3.95E-06,0,8.58E-08,1.72E-07,5.02E-07,0,9.10E-07,8.86E-07,0,0,2.02E-06,3.12E-07,9.89E-07,0,2.89E-07,2.87E-07,7.31E-07,0,1.18E-06,0,5.47E-07,1.14E-07,0,0,0,1.77E-07,1.25E-07,7.38E-08,0,2.19E-07,0,4.41E-06
d__Bacteria;k__unclassified_d__Bacteria;p__Candidatus_Moranbacteria,9.75E-07,8.98E-07,4.84E-07,2.10E-07,5.84E-07,1.79E-06,3.91E-07,3.42E-06,6.27E-07,3.96E-07,2.44E-06,3.90E-07,1.69E-06,3.20E-06,9.49E-07,1.56E-06,1.91E-06,4.22E-07,0,5.98E-07,1.29E-06,4.82E-07,5.34E-07,1.09E-06,1.03E-06,0,2.12E-07,5.24E-07,7.02E-07,1.46E-07,1.17E-07,7.87E-07,6.70E-08,1.35E-06,0,4.19E-07,1.63E-06,1.68E-07,8.88E-08,1.85E-06,6.32E-07,2.46E-07,3.07E-07,1.02E-06,2.36E-07,8.60E-07,5.48E-07,1.47E-06,7.25E-07,9.49E-07,5.57E-07,1.24E-06,9.86E-07,1.86E-06,1.77E-07,1.17E-07,5.21E-07,1.24E-06,1.43E-06,1.60E-06,0,2.09E-06,8.18E-07,4.66E-07,1.35E-07,1.11E-06,6.69E-07,2.64E-07,1.68E-06,6.90E-07,3.05E-07,1.22E-06,3.00E-07,6.07E-07,2.57E-07,1.32E-06,1.12E-06,7.36E-07,2.81E-07,9.57E-07,3.08E-07,0,0,4.11E-07,9.00E-07,4.94E-07,1.40E-07,4.37E-07,2.08E-07,3.48E-07,8.58E-08,2.15E-06,1.81E-06,8.82E-07,3.50E-07,1.85E-06,1.39E-06,5.48E-07,1.09E-06,0,6.59E-07,9.39E-07,4.33E-07,2.87E-07,6.58E-07,8.73E-07,1.38E-06,3.59E-07,6.15E-07,1.94E-06,2.47E-06,1.48E-06,4.95E-07,3.53E-07,2.51E-07,1.55E-06,2.00E-07,7.68E-07,6.26E-07,6.39E-08
d__Bacteria;k__unclassified_d__Bacteria;p__Ignavibacteriae,4.33E-07,1.50E-07,1.29E-06,3.15E-07,5.01E-07,2.69E-07,0,3.11E-07,2.09E-07,0,0,0,0,0,4.15E-07,0,0,7.03E-08,0,0,2.35E-07,8.68E-07,2.13E-07,2.97E-07,6.86E-08,8.33E-08,2.83E-07,2.99E-07,1.76E-07,7.28E-08,3.50E-07,3.15E-07,0,3.60E-07,0,0,0,2.60E-06,8.88E-08,1.68E-07,0,3.28E-07,4.10E-07,1.86E-07,5.89E-07,0,6.27E-07,0,1.21E-07,4.74E-07,2.39E-07,2.56E-06,7.58E-08,2.32E-07,0,1.28E-06,2.09E-07,9.82E-07,2.47E-06,0,0,0,2.29E-06,4.66E-07,0,1.58E-07,0,0,0,0,7.62E-08,2.21E-07,1.90E-06,3.16E-06,8.57E-07,0,0,1.23E-07,4.68E-07,0,3.08E-07,2.67E-07,0,5.59E-06,0,2.47E-07,0,1.31E-06,5.54E-07,0,0,0,1.00E-07,0,7.00E-08,5.32E-06,0,0,2.33E-07,5.20E-07,5.34E-06,0,1.44E-07,0,0,4.76E-07,1.47E-06,0,2.74E-07,0,0,0,9.90E-08,2.47E-06,2.88E-06,7.38E-08,1.50E-06,1.10E-07,0,1.28E-07
d__Bacteria;k__unclassified_d__Bacteria;p__Armatimonadetes,1.08E-07,0,0,0,0,0,0,0,0,0,0,7.80E-08,0,0,5.93E-08,8.19E-08,0,0,0,0,0,0,0,0,0,0,0,7.49E-08,0,0,0,0,0,8.11E-07,0,0,0,0,0,0,0,0,0,0,0,0,0,0,0,7.91E-08,0,0,7.58E-08,0,0,0,0,6.55E-08,6.50E-07,0,0,0,1.64E-07,0,0,0,0,0,0,0,1.52E-07,0,0,2.43E-07,0,0,0,0,9.37E-08,0,0,1.34E-07,0,0,0,4.12E-07,0,5.10E-07,6.93E-08,0,0,0,0,0,0,5.00E-06,0,0,0,0,3.10E-06,0,0,0,0,0,1.96E-07,0,0,0,0,0,0,3.53E-07,0,0,0,0,0,0
d__Archaea;k__unclassified_d__Archaea;p__Thaumarchaeota,0,0,0,0,1.67E-07,0,0,0,0,9.90E-08,0,0,0,0,1.19E-07,0,1.06E-07,0,0,0,0,0,0,9.89E-08,1.37E-07,0,0,2.25E-07,8.78E-08,0,1.17E-07,0,0,2.70E-07,0,0,1.48E-07,0,0,0,0,8.21E-08,0,0,0,7.82E-08,1.57E-07,0,0,2.13E-06,0,7.32E-08,7.58E-08,0,0,0,0,6.55E-08,0,0,0,0,8.18E-08,1.16E-07,0,0,0,0,0,0,2.29E-07,3.32E-07,0,1.21E-07,0,1.05E-07,0,0,1.87E-07,0,3.08E-07,0,0,0,3.60E-07,0,6.99E-08,7.29E-08,6.93E-08,8.70E-08,0,0,1.00E-07,6.30E-08,0,0,0,0,1.55E-07,0,6.59E-08,0,7.22E-08,0,0,0,0,0,2.05E-07,5.71E-08,0,6.45E-08,0,1.77E-07,0,0,0,0,8.95E-08,0
d__Bacteria;k__unclassified_d__Bacteria;p__Candidatus_Eremiobacteraeota,0,1.50E-07,0,0,8.34E-08,1.79E-07,0,2.07E-07,0,0,8.40E-08,0,8.06E-08,0,0,0,0,0,0,0,2.35E-07,9.65E-08,1.07E-07,0,1.37E-07,0,0,0,0,0,0,0,0,0,0,0,7.40E-08,0,0,1.68E-07,0,3.28E-07,2.05E-07,0,0,2.35E-07,0,0,1.21E-07,7.91E-08,0,1.46E-07,7.58E-08,0,1.77E-07,0,3.13E-07,6.55E-08,1.30E-07,0,0,0,0,2.33E-07,0,1.58E-07,0,0,0,8.62E-08,0,1.11E-07,4.00E-07,0,8.57E-08,5.27E-08,1.49E-07,6.14E-07,0,1.37E-07,0,1.34E-07,0,0,0,0,0,0,6.93E-08,0,8.58E-08,0,0,0,0,0,0,0,0,1.04E-07,6.59E-08,0,0,7.18E-08,0,7.94E-08,0,0,6.84E-08,5.71E-08,1.23E-07,1.29E-07,1.98E-07,8.84E-08,2.51E-07,0,0,0,0,0
d__Bacteria;k__unclassified_d__Bacteria;p__Candidatus_Wallbacteria,0,0,0,0,6.68E-07,0,0,0,0,0,0,0,0,0,1.19E-06,0,0,0,0,0,0,0,0,9.89E-08,0,0,0,7.49E-08,4.39E-07,0,0,0,0,0,0,0,0,0,0,0,0,0,0,0,0,0,0,0,0,3.16E-07,0,0,3.79E-07,0,0,0,0,5.24E-07,1.30E-07,0,0,0,4.09E-07,0,0,7.90E-07,0,0,0,0,0,0,0,0,0,0,0,0,9.37E-08,0,0,1.34E-07,0,0,0,8.24E-08,0,0,6.93E-08,0,0,0,0,0,0,0,0,0,0,0,0,0,2.17E-07,0,0,0,9.82E-08,0,5.47E-07,0,0,0,0,1.77E-07,0,0,0,0,0,0
d__Bacteria;k__unclassified_d__Bacteria;p__Gemmatimonadetes,1.08E-07,7.49E-08,8.07E-08,0,3.34E-07,8.96E-08,0,0,0,0,0,0,8.06E-08,9.68E-08,1.78E-07,0,0,0,0,0,0,0,0,9.89E-08,0,0,0,7.49E-08,0,0,0,0,0,3.60E-07,0,0,7.40E-08,0,0,0,0,0,0,0,0,0,7.83E-08,0,0,4.74E-07,0,0,1.52E-07,0,3.54E-07,0,0,6.55E-08,6.50E-08,0,0,0,2.45E-07,1.16E-07,1.35E-07,3.16E-07,1.11E-07,0,0,0,0,0,9.99E-08,1.21E-07,1.71E-07,5.27E-08,0,0,0,0,0,0,0,0,9.00E-08,0,6.99E-08,7.29E-08,0,0,0,0,0,0,0,0,0,0,7.76E-08,0,1.12E-06,8.54E-08,0,1.44E-07,0,7.94E-08,0,0,1.37E-07,0,6.17E-08,0,0,8.84E-08,0,0,0,0,0,0
d__Archaea;k__unclassified_d__Archaea;p__Candidatus_Micrarchaeota,0,0,0,0,8.34E-08,0,0,0,0,0,0,7.80E-08,0,0,1.19E-07,0,0,0,0,0,0,0,0,2.97E-07,6.86E-08,0,0,0,8.78E-08,0,1.17E-07,0,0,9.01E-08,0,0,0,0,0,0,0,0,0,0,0,0,0,0,0,0,0,2.93E-07,1.52E-07,0,0,0,0,0,1.95E-07,8.02E-08,0,0,2.45E-07,0,0,1.58E-07,0,0,0,0,0,0,0,0,0,0,0,0,0,0,0,0,0,0,0,8.24E-08,0,2.91E-07,0,0,0,0,0,0,0,8.06E-08,0,0,0,0,5.93E-07,0,0,0,0,0,1.96E-07,0,0,5.71E-08,0,0,0,0,0,0,0,0,0,0
d__Bacteria;k__unclassified_d__Bacteria;p__Caldiserica,0,0,0,0,0,0,7.82E-08,0,0,0,0,0,0,0,2.37E-07,0,0,0,0,0,0,0,0,1.98E-07,0,0,0,0,8.78E-08,0,0,0,0,0,0,0,0,0,0,0,0,0,0,0,0,0,7.83E-08,0,0,7.91E-08,0,2.19E-07,7.58E-08,0,0,0,0,1.96E-07,1.30E-07,0,0,0,0,0,0,1.58E-07,0,0,0,0,7.62E-08,0,0,0,0,0,0,0,0,0,3.08E-07,0,0,0,9.00E-08,1.65E-07,0,7.29E-08,6.93E-08,0,0,0,0,0,0,0,0,0,0,0,6.59E-08,0,7.22E-08,0,0,0,0,0,1.37E-07,0,0,0,0,0,0,0,0,0,0,0
d__Bacteria;k__unclassified_d__Bacteria;p__Candidatus_Kaiserbacteria,0,0,0,0,3.34E-07,0,7.82E-08,0,0,9.90E-08,0,0,0,0,1.19E-07,0,0,0,0,0,0,0,0,0,0,0,0,0,0,0,1.17E-07,0,0,0,0,0,0,0,0,0,0,0,0,0,0,0,0,0,0,0,7.96E-08,0,0,0,0,0,0,0,0,0,0,0,0,0,0,1.58E-07,0,0,0,0,0,0,0,0,0,0,0,0,0,0,0,1.34E-07,0,0,0,0,0,7.29E-08,0,0,0,0,1.00E-07,0,0,0,0,0,0,0,0,0,0,0,0,0,0,0,0,0,0,0,0,0,0,0,0,0,0,0
d__Bacteria;k__unclassified_d__Bacteria;p__Nitrospirae,0,0,0,0,0,0,0,0,0,0,0,0,0,0,0,0,0,0,0,0,0,0,0,0,0,0,0,0,0,0,0,0,0,9.01E-08,0,0,0,0,0,0,9.03E-08,0,0,0,0,0,0,0,0,3.95E-07,0,0,0,0,0,0,0,0,0,0,0,0,0,0,0,0,0,0,0,0,0,0,0,0,0,0,0,0,0,0,0,0,0,0,0,0,0,0,0,0,0,0,0,0,0,2.42E-07,0,0,0,0,0,0,0,2.15E-07,0,0,0,0,0,0,0,0,0,0,0,0,0,0,0,0
d__Bacteria;k__unclassified_d__Bacteria;p__Candidatus_Nomurabacteria,0,0,0,0,0,0,0,0,0,0,0,0,0,0,5.93E-08,0,0,0,0,0,0,0,0,0,0,0,0,0,1.76E-07,0,0,0,0,9.01E-08,0,0,0,0,0,0,0,0,0,0,0,0,0,0,0,0,0,0,7.58E-08,0,0,0,0,0,0,0,0,0,0,0,0,7.90E-08,0,0,0,0,0,0,0,0,0,0,0,0,0,0,0,0,0,0,0,0,0,0,0,0,0,0,0,0,0,0,0,0,0,0,0,0,0,0,0,0,0,0,0,0,0,0,0,1.77E-07,0,0,2.00E-07,1.10E-07,0,0
d__Bacteria;k__unclassified_d__Bacteria;p__Candidatus_Rokubacteria,0,0,8.07E-08,0,0,0,0,0,0,0,0,0,0,0,5.93E-08,0,0,0,0,0,0,0,0,0,0,8.33E-08,0,0,0,0,0,7.87E-08,0,0,0,0,0,0,0,0,0,0,0,9.31E-08,0,0,0,0,0,0,0,0,0,7.75E-08,0,0,0,6.55E-08,0,0,0,0,0,0,0,0,0,0,0,0,0,0,0,0,0,0,7.44E-08,0,0,0,0,0,0,0,0,0,0,0,0,0,0,8.60E-08,0,0,0,0,0,0,0,0,0,0,0,0,0,0,0,0,6.84E-08,0,0,0,0,0,0,0,0,1.10E-07,0,6.39E-08
d__Bacteria;k__unclassified_d__Bacteria;p__Candidatus_Delongbacteria,0,0,0,0,0,0,0,0,0,0,0,0,0,0,0,0,0,0,0,0,0,0,0,0,0,0,0,0,0,0,0,0,0,3.60E-07,0,0,0,0,0,0,0,0,0,0,0,0,0,0,0,0,0,0,0,0,0,0,0,0,0,0,0,0,0,0,0,0,0,0,0,0,0,0,0,0,0,0,0,0,0,0,0,0,0,0,0,0,0,0,0,0,0,0,0,0,0,1.61E-07,0,0,0,0,0,0,0,0,0,0,0,0,0,0,0,0,0,2.65E-07,0,0,0,0,0,0
d__Bacteria;k__unclassified_d__Bacteria;p__Candidatus_Falkowbacteria,0,0,0,0,0,0,0,0,0,0,0,0,0,0,0,0,0,0,9.15E-08,0,0,0,0,0,0,0,0,0,0,0,0,0,0,9.01E-08,0,0,0,0,0,0,0,0,0,0,0,0,0,0,0,0,0,0,0,0,0,0,0,6.55E-08,0,0,0,0,0,0,0,7.90E-08,0,0,0,0,0,0,0,0,0,0,0,0,0,6.84E-08,0,0,0,0,0,0,0,0,0,0,0,0,1.00E-07,0,0,0,0,0,0,0,6.59E-08,0,0,0,0,0,0,0,0,0,0,0,0,0,0,0,0,0,0,0
d__Bacteria;k__unclassified_d__Bacteria;p__Balneolaeota,0,0,0,0,0,0,0,0,0,0,0,0,0,0,0,0,0,0,0,0,0,0,0,0,0,0,0,0,0,0,0,0,0,9.01E-08,0,0,0,0,0,0,0,0,0,0,0,0,0,0,0,0,0,0,0,0,0,0,0,0,1.30E-07,0,0,0,8.18E-08,0,0,0,0,0,0,0,0,0,0,0,0,0,0,0,0,0,0,0,0,0,0,0,0,0,0,0,0,0,0,0,0,0,0,0,0,0,0,0,0,0,0,0,0,0,0,0,0,0,0,0,0,0,0,0,0,0
d__Bacteria;k__unclassified_d__Bacteria;p__Rhodothermaeota,0,0,0,0,0,0,0,0,0,0,0,0,0,0,0,0,0,0,0,0,0,0,0,0,0,0,0,0,0,0,0,0,0,0,0,0,0,0,0,0,0,0,0,0,0,0,0,0,0,0,0,0,0,0,0,0,0,0,0,0,0,0,0,0,0,0,0,0,0,0,0,0,0,0,0,0,0,0,0,0,0,0,0,0,0,0,0,0,0,0,0,0,0,0,0,8.06E-08,0,0,0,0,1.32E-07,0,0,7.18E-08,0,0,0,0,0,0,0,0,0,0,0,0,0,0,0,0
d__Bacteria;k__unclassified_d__Bacteria;p__Chlorobi,0,0,0,0,8.34E-08,0,0,0,0,0,0,0,0,0,0,0,0,0,0,0,0,0,0,0,0,0,0,0,0,0,0,0,0,0,0,0,0,0,0,0,0,0,0,0,0,0,0,0,0,0,0,0,0,0,0,0,0,0,6.50E-08,0,0,0,0,0,0,0,0,0,0,0,0,0,0,1.21E-07,0,0,0,0,0,0,0,0,0,0,0,0,0,0,0,0,0,0,0,0,0,0,0,0,0,0,0,0,0,0,0,0,0,0,0,0,0,0,0,0,0,0,0,0,0,0
d__Bacteria;k__unclassified_d__Bacteria;p__Candidatus_Binatota,0,0,0,0,0,0,0,0,0,0,0,0,0,0,0,0,0,0,0,0,0,0,0,9.89E-08,0,0,0,0,0,0,0,0,0,0,0,0,0,0,0,0,0,0,0,0,0,0,0,0,0,0,0,0,0,0,0,0,0,0,0,0,0,0,0,0,0,0,0,0,0,0,0,0,0,0,0,0,0,0,0,0,0,0,0,0,0,0,0,0,0,0,0,0,0,0,0,0,0,0,0,0,0,0,0,0,0,0,0,0,0,0,0,0,0,0,0,0,0,0,0,6.39E-08
d__Bacteria;k__unclassified_d__Bacteria;p__Candidatus_Shapirobacteria,0,0,0,0,0,0,0,0,0,0,0,0,0,0,0,0,0,0,0,0,0,0,0,0,6.86E-08,0,0,0,0,0,0,0,0,0,0,0,0,0,0,0,0,0,0,0,0,0,0,0,0,0,0,0,0,0,0,0,0,0,0,0,0,0,0,0,0,0,0,0,0,0,0,0,0,0,0,0,0,0,0,0,0,0,0,0,0,0,0,0,0,0,0,0,0,0,0,0,0,0,0,0,0,0,0,7.18E-08,0,0,0,0,0,0,0,0,0,0,0,0,0,0,0,0
d__Bacteria;k__unclassified_d__Bacteria;p__Candidatus_Marinimicrobia,0,0,0,0,0,0,0,0,0,0,0,0,0,0,0,0,0,0,0,0,0,0,0,0,0,0,0,0,0,0,0,0,0,0,0,0,0,0,0,0,0,0,0,0,0,0,0,0,0,0,0,0,0,0,0,1.17E-07,0,0,0,0,0,0,0,0,0,0,0,0,0,0,0,0,0,0,0,0,0,0,0,0,0,0,0,0,0,0,0,0,0,0,0,0,0,0,0,0,0,0,0,0,0,0,0,0,0,0,0,0,0,0,0,0,0,0,0,0,0,0,0,0
d__Archaea;k__unclassified_d__Archaea;p__Candidatus_Woesearchaeota,0,0,0,0,0,0,0,0,0,0,0,0,0,0,0,0,0,0,0,0,0,0,0,0,0,0,0,0,0,0,0,0,0,0,0,0,0,0,0,0,0,0,0,0,0,0,0,0,0,0,0,0,0,0,0,0,0,0,0,0,0,0,0,0,0,0,0,0,0,0,0,0,0,0,0,0,0,0,0,0,0,0,0,0,0,0,0,0,0,0,0,0,0,0,0,0,0,0,0,0,0,0,0,0,0,0,0,0,6.84E-08,0,0,0,0,0,0,0,0,0,0,0
