,YGE5,YNE3,GZE15,YGE15,YNE29,GZE10,YNE2,YNE24,GZE4,YNE28,GZE11,YNE23,GZE16,YNE18,YNE6,SCE5,SCE28,YNE25,SCE20,YGE29,SCE4,GZE19,YGE8,SCE29,YGE17,YNE30,GZE28,YNE22,YGE27,YGE10,YGE12,SCE15,SCE21,YGE16,YNE1,YNE20,SCE12,SCE13,YGE30,GZE2,SCE18,YGE28,GZE14,GZE25,SCE10,YGE24,YNE17,YGE18,GZE22,GZE13,GZE9,SCE22,SCE16,SCE2,GZE3,YGE4,YNE4,YNE5,YGE19,YNE26,YGE21,SCE1,YGE25,YNE21,SCE25,YGE20,SCE8,YGE13,YGE14,GZE21,GZE18,GZE26,SCE9,YNE8,YNE10,YGE2,YNE7,SCE23,GZE23,SCE14,YGE11,YGE22,YGE6,YNE19,YNE11,YNE16,YGE26,GZE27,YGE1,GZE17,SCE27,SCE19,YNE14,YGE3,YNE9,GZE12,GZE20,YNE27,YNE15,YGE23,SCE26,YGE9,YGE7,GZE7,GZE24,SCE24,GZE8,GZE5,GZE6,SCE11,GZE1
d__Bacteria;k__unclassified_d__Bacteria;p__Proteobacteria,0.325846432,0.01726281,0.41662132,0.298416519,0.575471584,0.425884275,0.214290099,0.513578273,0.397130292,0.348356385,0.519481138,0.451405472,0.382706818,0.35944642,0.064466165,0.162289402,0.574168915,0.275366257,0.426384972,0.441795036,0.150870088,0.3880868,0.441227701,0.419201093,0.397281655,0.571248375,0.410228974,0.421208588,0.34258252,0.371661929,0.099313804,0.243384051,0.37543672,0.311348615,0.2812782,0.542673499,0.220552825,0.33764478,0.281709455,0.377400482,0.463257408,0.38357352,0.399116995,0.377146719,0.138257177,0.328390458,0.608642841,0.364472133,0.494084334,0.278548675,0.520487218,0.644068006,0.19545188,0.264866266,0.477936315,0.136218366,0.236246807,0.251757644,0.338712691,0.69323254,0.37958325,0.389860946,0.430443156,0.547647443,0.378662488,0.299152742,0.307129631,0.345927586,0.327788248,0.257107817,0.35156803,0.391208255,0.144152438,0.402266691,0.393266827,0.173695078,0.502958467,0.537433057,0.341743875,0.379927272,0.25442758,0.423035138,0.360842181,0.690328604,0.476142382,0.382641814,0.226666932,0.402774069,0.436567352,0.37781944,0.40337828,0.116880056,0.320549236,0.364308199,0.430312373,0.398344263,0.447490923,0.44894563,0.378659535,0.478918413,0.467189502,0.606406525,0.374720581,0.527763573,0.523737334,0.317393146,0.370838376,0.460350929,0.35829332,0.414672251,0.298664391
d__Bacteria;k__unclassified_d__Bacteria;p__Actinobacteria,0.466722813,0.01451838,0.313765031,0.444403324,0.192124937,0.228204407,0.615755331,0.174370994,0.257948852,0.583803975,0.229623058,0.473820608,0.443290221,0.561351551,0.016121426,0.534731874,0.321896438,0.649713531,0.42511712,0.410363146,0.41060969,0.458375002,0.308698061,0.282992151,0.467775949,0.237894217,0.12350477,0.19113364,0.374158471,0.376323686,0.689130113,0.369662091,0.097962973,0.257961146,0.589905735,0.138638074,0.525443651,0.247384172,0.327777332,0.233745555,0.126122262,0.354773946,0.230528506,0.351537189,0.710047005,0.472809787,0.368228974,0.423347667,0.223049025,0.488790201,0.266855621,0.05268053,0.663354923,0.384667039,0.19392314,0.63401918,0.67821566,0.683862636,0.482170129,0.117600165,0.48130548,0.268792343,0.418049725,0.408118106,0.205282748,0.385775661,0.260648415,0.462344,0.336426948,0.23381737,0.250621068,0.324556051,0.626347837,0.491140589,0.473693518,0.632949045,0.429248661,0.320785019,0.294146922,0.4222195,0.312792531,0.431094031,0.376388614,0.083740458,0.470572892,0.55208667,0.365824598,0.31016635,0.411881138,0.391271897,0.425513431,0.174485554,0.479305854,0.457830512,0.238588319,0.24446851,0.19655673,0.220640217,0.436174495,0.317255861,0.316840729,0.270556558,0.409870255,0.214715813,0.282919621,0.373171616,0.175308868,0.241553024,0.31357124,0.124206767,0.212212752
d__Bacteria;k__unclassified_d__Bacteria;p__Firmicutes,0.016151972,0.878329898,0.009218655,0.056736059,0.07993794,0.033784507,0.003412393,0.210320052,0.023187537,0.003054291,0.008845716,0.002854255,0.017046314,0.003820826,0.751612271,0.166760805,0.021832516,0.006442021,0.028995725,0.028303827,0.391289694,0.021284205,0.048819945,0.032280842,0.02172319,0.09293719,0.013913424,0.27215178,0.038992217,0.004488759,0.053923139,0.132305172,0.508872121,0.05586519,0.04529647,0.225501182,0.029542858,0.014732414,0.155476256,0.02237467,0.00805844,0.026160691,0.043112733,0.010681199,0.069544933,0.077781394,0.002165325,0.024023376,0.017297013,0.01369427,0.021029871,0.257150778,0.044209851,0.129628516,0.008348421,0.137912763,0.00330655,0.003638287,0.041172546,0.113716446,0.011642696,0.044175343,0.04769929,0.004775803,0.135640031,0.013730735,0.034590478,0.02631397,0.013156739,0.023594747,0.004233949,0.014838217,0.180850852,0.003564461,0.006824814,0.109281666,0.00501292,0.023752641,0.051368787,0.037119282,0.240369278,0.035521828,0.041348957,0.138616741,0.009880681,0.004427697,0.166917065,0.012896436,0.044741966,0.021831364,0.096873132,0.675854141,0.06986358,0.04617502,0.012030226,0.029046852,0.019305483,0.203158416,0.014365323,0.030195375,0.03401276,0.009992812,0.030065443,0.002668763,0.008546013,0.043040335,0.034953424,0.008531033,0.012497475,0.010987417,0.019297957
d__Bacteria;k__unclassified_d__Bacteria;p__Bacteroidota,0.139033965,0.023052657,0.044172722,0.027068375,0.038996545,0.014853937,0.005018827,0.07439094,0.022181827,0.004076034,0.073895809,0.006605495,0.051174549,0.004208191,0.046630776,0.128273401,0.033083605,0.005344852,0.06941349,0.010920994,0.042255749,0.081923071,0.029597784,0.086645977,0.084257759,0.03054373,0.061279631,0.06182121,0.0544801,0.111014874,0.015544338,0.224603632,0.008741923,0.044287092,0.004983965,0.055504524,0.200142147,0.067121554,0.028615786,0.082041987,0.121923674,0.064408026,0.020998145,0.0247874,0.031962688,0.019607326,0.00081592,0.019237793,0.023752905,0.02969239,0.011399876,0.038992992,0.068136597,0.2180914,0.096053193,0.064656106,0.003813102,0.003480849,0.034618863,0.022892857,0.009713136,0.101910823,0.01747306,0.00441694,0.106549997,0.019086632,0.036722567,0.015078533,0.1358925,0.049923579,0.040900349,0.041513561,0.043333164,0.007964463,0.003914822,0.054862229,0.004609926,0.05701248,0.049785963,0.047659157,0.036961477,0.010793836,0.055669579,0.063051557,0.006187163,0.003719804,0.00806913,0.02108041,0.032617989,0.025523237,0.050426182,0.022310979,0.028021888,0.100489272,0.003401304,0.019097041,0.198893096,0.09246452,0.003246957,0.018175972,0.032721202,0.040869328,0.090267671,0.209476768,0.082699288,0.061734714,0.022268033,0.060617631,0.031307787,0.201162503,0.065753298
d__Bacteria;k__unclassified_d__Bacteria;p__Cyanobacteria,0.012341872,7.22E-06,0.030366079,0.099566393,0.017069031,0.063679814,0.106464618,0.003728108,0.030264983,0.001835699,0.096724077,0.027553269,0.007572184,0.00115153,0.001220292,1.13E-05,0.01557726,0.002671144,0.008559424,0.004192936,0.000140862,0.008105571,0.022457618,0.051201017,0.008866402,0.013943553,0.263163916,0.018022376,0.119529649,0.090946065,0.107504305,9.99E-05,8.78E-06,0.269083936,0.011928892,0.002332476,0.001939465,0.219383211,0.107739139,0.143310772,0.187788084,0.057621963,0.079786184,0.065331761,0.006238585,0.001108189,0.000209518,0.060299172,0.046005858,0.019600413,0.001723965,0.000241028,0.000245582,0.000152957,0.004541887,8.96E-05,0.023664367,0.016922093,0.001586525,0.002506706,0.005701567,0.155880442,0.011306098,0.000407651,0.093157947,0.236443649,0.230125435,0.077936482,0.104316614,0.311946296,0.264080886,0.038046942,8.68E-06,0.024414643,0.002914011,0.000209273,0.000860447,0.005383113,0.095474548,0.027268566,0.088813384,0.002237681,0.076199904,0.001864439,0.000715749,0.000196487,0.181741977,0.006259719,0.000757973,0.007543683,0.000378135,1.96E-05,0.002213658,0.000497897,0.001429776,0.034763871,0.049785966,0.002626751,0.001905239,0.051372228,0.006253316,0.011298043,0.01624195,0.026522473,0.009235269,0.067675724,0.020530211,0.017523664,0.028429133,0.201819753,0.326089102
d__Archaea;k__unclassified_d__Archaea;p__Thaumarchaeota,0.001060931,7.14E-07,0.101314512,0.031057674,0.039188359,0.111909926,0.003161708,0.001879891,0.165436078,0.001488869,0.03780087,0.002156075,0.036246784,0.004842061,0.000692681,5.50E-05,0.006519696,0.000266602,0.016993769,0.03347693,1.84E-07,0.015568717,0.066858726,0.058385294,0.002011188,0.012982647,0.072292603,0.006895253,0.014133051,0.020837558,0.01084103,1.42E-06,2.51E-07,0.003622247,0.000923214,0.001673612,0.000104287,0.050663654,0.038577208,0.080339566,0.025125047,0.055614282,0.111148075,0.108069553,0.006924932,0.041820948,0.000335967,0.026480501,0.130400743,0.134628744,0.107741564,6.19E-07,0.007075113,6.14E-07,0.090887182,0.000111473,0.004596862,0.004371356,0.041276337,0.005360015,0.051627712,4.16E-05,0.027629614,0.000845659,0.008430986,0.012393426,0.065544478,0.025706104,0.035941309,0.068022491,0.035878377,0.097838221,7.16E-07,0.009861676,0.016635986,2.24E-05,0.000982979,0.012826733,0.098063942,0.053672706,0.014230337,0.029024987,0.040046532,0.001085973,0.003482757,0.001090102,0.010919692,0.092442783,0.016201226,0.094949109,0.008249857,1.75E-07,0.00228478,0.000612888,0.006227346,0.147405628,0.043147719,0.00317463,0.009897403,0.02947691,0.099905527,0.001003638,0.008727373,0.009726334,0.063197729,0.079755779,0.237947823,0.123087356,0.164195919,0.001581934,0.034273435
d__Bacteria;k__unclassified_d__Bacteria;p__Chloroflexi,0.003582689,1.07E-05,0.00471069,0.016709017,0.00306417,0.030604868,0.007663815,0.003511526,0.023606062,0.011668799,0.004459033,0.010621806,0.004854268,0.007912808,0.00050447,0.000101652,0.00398373,0.014242684,0.003118462,0.027632232,1.99E-05,0.003459715,0.03646759,0.005333637,0.003499585,0.004920554,0.006009522,0.003399109,0.02113669,0.011610282,0.001337913,0.017429296,1.91E-05,0.006328103,0.012893754,0.005499354,0.000661174,0.004391596,0.029091467,0.013183435,0.001753831,0.027425631,0.019549025,0.014372662,0.001167814,0.025031003,0.011292734,0.028705195,0.014484907,0.010435534,0.010619292,0.000104579,0.001069202,3.16E-05,0.003893046,0.000396846,0.008507685,0.008339278,0.023510223,0.000876495,0.019369648,0.002431986,0.023726576,0.00378378,0.001688666,0.011555943,0.005358469,0.021330045,0.026594236,0.012384072,0.008154025,0.003489218,0.000147614,0.010528575,0.024148104,0.000361098,0.031166695,0.007455903,0.020007933,0.005339704,0.01566272,0.032927416,0.023171464,0.001410103,0.005170924,0.016574928,0.008218374,0.007924789,0.009735105,0.009174149,0.001687378,4.25E-05,0.035116261,0.000447588,0.06127373,0.020806649,0.010827105,0.006915062,0.071415154,0.024042774,0.009198794,0.006222888,0.011516803,0.000962785,0.006736,0.007967047,0.030471674,0.004194282,0.039271673,0.002958383,0.009182698
d__Bacteria;k__unclassified_d__Bacteria;p__Acidobacteria,0.001500335,0,0.017738442,0.010245711,0.010564346,0.032686695,0.009045144,0.001059793,0.034912485,0.023290729,0.007562459,0.004721592,0.012129736,0.009395359,0.001421874,0.001345168,0.00257782,0.006031864,0.004977599,0.019325016,3.82E-05,0.006658899,0.020538504,0.00563923,0.002432115,0.005441169,0.015515066,0.001587313,0.004587449,0.003889571,0.002311366,0.001878692,3.24E-05,0.002702005,0.008076384,0.000644437,0.001228385,0.00198257,0.006889534,0.015248365,0.001624034,0.010317249,0.020879734,0.014951078,0.002822949,0.007739734,0.001589382,0.015228363,0.010636248,0.00834388,0.017394099,3.34E-05,0.001162758,8.09E-05,0.02167747,0.00210945,0.008838739,0.011305995,0.009608114,0.001248947,0.017379108,0.001162046,0.012014757,0.001838765,0.001584613,0.008017185,0.005341731,0.011860588,0.006303371,0.00737235,0.012174273,0.015154597,0.000468696,0.009689202,0.015510575,0.001538396,0.009677305,0.008223603,0.014731856,0.004830918,0.004512195,0.01468005,0.009260118,0.001901839,0.00220985,0.00317879,0.009499386,0.023059644,0.007116326,0.017033262,0.002827206,5.18E-05,0.010010357,0.002769375,0.064284079,0.023093457,0.009931763,0.001474667,0.021977334,0.014786088,0.008841609,0.013955421,0.013882944,0.002293191,0.006766548,0.020507149,0.038232066,0.017113354,0.019513465,0.003058104,0.006414831
d__Bacteria;k__unclassified_d__Bacteria;p__Nitrospirae,0.000651398,1.03E-06,0.014713571,0.001821265,0.006766912,0.011935363,0.005760652,0.000511063,0.008370501,0.000915506,0.012206174,0.007182973,0.014595443,0.000764165,7.30E-05,2.24E-05,0.000435661,0.000838257,0.005008869,0.008331417,0,0.007131414,0.006151801,0.028875666,0.002108001,0.00257035,0.016945103,0.001779934,0.003446655,0.00520939,0.001949718,4.27E-06,1.25E-07,0.000609323,0.003335369,0.000248878,0.000155914,0.014883639,0.003463934,0.007855914,0.001580505,0.007381776,0.036662175,0.01989686,0.006841517,0.009478242,0.000520564,0.026443146,0.023967533,0.004463711,0.022958374,1.24E-06,0.0021785,9.21E-07,0.013718354,0.000195079,0.004836178,0.005055226,0.006995537,0.00111618,0.007291385,3.52E-05,0.001793288,0.001920079,0.00042856,0.005929029,0.018751504,0.002244207,0.00790441,0.002452839,0.020692257,0.009830375,4.47E-07,0.003733102,0.001864967,9.21E-05,0.000588154,0.008582887,0.004067444,0.00503171,0.002971354,0.007831882,0.00290727,0.000926679,0.004528211,0.000885539,0.008198475,0.015692496,0.004881921,0.027802336,0.002310827,0,0.00298266,0.00025354,0.001429776,0.044741167,0.008716782,0.000607617,0.001627951,0.020553655,0.009338562,0.00115611,0.01912888,0.002774583,0.005724072,0.016604362,0.023161568,0.014303869,0.014389384,0.000185843,0.002643457
d__Bacteria;k__unclassified_d__Bacteria;p__Deinococcus-Thermus,0.027658398,0,0.001243025,0.00025352,0.004059661,0.003447399,0.000854377,0.001641052,0.0069775,0.000148418,0.00087391,0.000205904,0.000341223,7.40E-05,0,0.001888318,0.01264939,0.000171753,0.002063813,0.000707898,0.000117999,0.001202324,0.000181717,0.020844841,0.005106684,0.003772227,0.000292737,0.00725153,0.012886342,0.000488058,0.000415053,0.00538966,3.39E-06,0.041450323,0.00095445,0.000295768,0.016473236,0.034639773,0.010137407,0.00696111,0.058215145,0.000273775,0.001466036,0.001335556,0.017640138,8.80E-05,7.11E-05,0.000195076,0.002877958,0.002063866,0.000233758,1.36E-05,0.005857225,0.00018901,0.000148307,0.002173361,0.000813675,0.000265676,0.000121584,0.000370102,0.001023582,0.029957458,0.000110897,6.72E-05,0.062451556,0.000315445,0.028066578,0.000259279,0.000359946,0.021941846,0.001492567,0.0018802,4.66E-05,0.000233798,0.000148715,0.00273248,0.000220558,0.007044416,0.013246322,0.010653884,0.020711592,0.000243226,0.000219759,6.65E-05,0.000179459,0.000600229,0.000883027,0.000109957,0.000546028,0.000488696,0.000390333,8.93E-06,0.000120018,0.001119569,5.59E-05,0.001302821,0.003802114,0.001878323,0.00011181,0.000146869,0.007161807,0.002494852,0.014941168,0.000103986,0.002323614,0.000627614,0.005290856,0.000723742,0.001705437,0.030173091,0.013064087
d__Bacteria;k__unclassified_d__Bacteria;p__Verrucomicrobia,0.000377734,5.55E-05,0.008317062,0.001952396,0.003722166,0.003561196,0.003376581,0.000730213,0.003254501,0.010639245,0.001033841,0.000376307,0.019520923,0.005708349,0.001615228,1.94E-05,0.000407124,0.017470103,0.001188256,0.001113276,2.21E-06,0.001114941,0.002340166,0.000911084,0.000213831,0.002620924,0.004088225,0.001022485,0.000675209,0.000565964,0.000538725,0.000123309,5.27E-06,0.000193482,0.021501159,0.00120351,0.000129757,0.000458214,0.001087271,0.002565103,0.000201026,0.001219311,0.003636897,0.001199076,0.000471223,0.000882447,0.000444879,0.000701443,0.001165817,0.00089931,0.002249921,7.12E-06,0.000596414,1.53E-06,0.007582171,2.64E-05,0.00903418,0.000821628,0.00117136,0.000489357,0.001289277,0.000602602,0.001219868,0.002410127,0.000114635,0.000326552,0.000512622,0.001227255,0.00066518,0.001599878,0.001225441,0.007416849,2.20E-05,0.004066552,0.014280661,2.05E-05,0.001805305,0.000896674,0.000677284,0.000558134,0.001393114,0.001135055,0.001094762,0.004458863,0.002468605,0.018728215,0.003380378,0.035461271,0.009544713,0.00689505,0.000563815,1.10E-05,0.024145764,4.83E-05,0.116917715,0.004815489,0.001603492,0.001407249,0.020125764,0.00116304,0.000768723,0.002690888,0.000818043,0.000570698,0.001206676,0.001334442,0.002933892,0.007060754,0.00307678,0.000368665,0.001757164
d__Bacteria;k__unclassified_d__Bacteria;p__Gemmatimonadetes,0.000389297,1.59E-07,0.006300481,0.001454098,0.002811656,0.004331004,0.017701469,0.000416897,0.003635546,0.003638591,0.001664046,0.004293217,0.000967293,0.022946086,0.000264834,7.61E-06,0.000492735,0.015093759,0.001549281,0.001494452,1.47E-06,0.00044986,0.003519114,0.001478613,0.000603609,0.002409703,0.002833157,0.000890691,0.003466514,0.000623248,0.001009993,3.05E-06,1.25E-07,0.000823019,0.009530619,0.000544645,6.99E-05,0.000521729,0.001258028,0.002179649,0.000184405,0.001386618,0.005176234,0.001715751,0.000417076,0.001166824,0.002508676,0.003349493,0.00055608,0.001659682,0.003485499,0,0.000596414,1.53E-06,0.006877715,4.35E-05,0.013533322,0.005704657,0.000951915,0.000212074,0.00336693,0.000111889,0.001284784,0.007187014,0.000255725,0.001390623,0.000707209,0.001884096,0.000895545,0.001390096,0.00144582,0.003236114,1.70E-06,0.020018474,0.017367503,4.44E-05,0.003436342,0.00303088,0.002948616,0.000466246,0.00156702,0.000837779,0.00162299,0.001489058,0.006427138,0.006147635,0.001805853,0.027787814,0.006207476,0.001714877,0.000500115,0,0.01337085,9.46E-05,0.020932817,0.005013386,0.00109313,0.000483875,0.018081881,0.002222875,0.001208733,0.000499305,0.000958346,0.000529715,0.001107392,0.001130315,0.006641713,0.004479219,0.001518966,0.001501855,0.000367061
d__Archaea;k__unclassified_d__Archaea;p__Euryarchaeota,0.000302572,0.032587895,0.018688049,0.000751818,0.00859036,0.000334699,2.56E-05,0.000597524,0.000199893,0.000196849,0.000142796,3.55E-05,0.00010385,0.000362714,0.024631071,0.000299644,7.04E-05,7.69E-06,0.000380924,0.000133109,7.37E-06,0.000106801,0.000802216,0.000385313,0.000131329,0.002891644,8.75E-05,0.001081864,3.97E-05,5.84E-05,8.71E-05,3.78E-05,7.80E-05,4.14E-05,0.001662479,0.000532622,0.000490115,8.62E-05,0.000155075,0.000550648,6.17E-05,6.59E-05,0.000417256,0.000383444,0.000889763,0.00481388,1.02E-05,7.47E-05,0.000660955,0.000318295,0.000208712,0.000356437,0.000402622,3.76E-05,0.060391653,0.000649147,5.98E-05,6.40E-05,0.005213291,0.000493469,9.15E-05,8.71E-05,0.000273186,3.47E-05,0.000120808,4.44E-05,0.000108801,0.000362991,0.000109424,0.000154455,0.00014358,0.038241289,1.42E-05,7.67E-05,0.000213024,0.000709885,5.45E-05,0.00011362,0.001189924,0.00014634,0.000201955,0.000243226,8.47E-05,0.000221627,4.38E-05,3.77E-05,6.22E-05,0.013273433,1.44E-05,0.000142166,0.000197877,0.001103309,0.00024448,0.002732243,0.000346274,0.000307839,0.000176596,0.001152937,0.000237037,0.000293737,0.000186357,2.35E-05,0.000523167,3.91E-05,0.000160381,5.18E-05,0.000309571,0.026345333,0.000233089,2.27E-05,0.000174791
d__Bacteria;k__unclassified_d__Bacteria;p__unclassified_d__Bacteria,0.000370989,0.023122488,0.001568452,0.00161437,0.00265869,0.004002999,0.002660336,0.004619258,0.002761016,0.003171464,0.000763481,0.004662424,0.001744688,0.002229109,0.007728,0.00343636,0.000665857,0.001461183,0.000977895,0.001367393,0.003856182,0.000826901,0.002233795,0.000985109,0.000890681,0.002796446,0.001493969,0.005603389,0.000708307,0.000320789,0.000372892,0.0041007,0.00780859,0.000750824,0.003016063,0.005845619,0.00079747,0.000527778,0.000836362,0.001537226,0.000528682,0.000681902,0.002695251,0.001140584,0.001868795,0.001316341,0.001246031,0.000938024,0.001292642,0.000841209,0.001966072,0.005029717,0.001187817,0.001762762,0.001860011,0.001700342,0.001172649,0.001279181,0.000910398,0.003264534,0.001554973,0.00146095,0.001593132,0.012594893,0.002392351,0.000775283,0.000945735,0.00111202,0.000573034,0.001097323,0.000704545,0.001658735,0.00375136,0.00370244,0.002508059,0.001567865,0.005641918,0.001166904,0.001208633,0.000959717,0.00078725,0.001313421,0.000721777,0.003008589,0.007232616,0.000880156,0.000932775,0.001955671,0.001041764,0.001745976,0.003335452,0.006954299,0.002595936,0.002341751,0.002077644,0.003039915,0.000923597,0.005012844,0.002790773,0.000924875,0.00119838,0.000695342,0.000623044,0.000334589,0.000798086,0.001383189,0.002990178,0.001521567,0.001281992,0.000687469,0.001105296
d__Bacteria;k__unclassified_d__Bacteria;p__Planctomycetota,0.000297754,0.000325586,0.003633046,0.001480325,0.00231391,0.005000402,0.002721729,0.00025596,0.005959297,0.00173415,0.00197058,0.001985672,0.003180792,0.001436771,0.000325514,8.70E-05,0.002762357,0.001094605,0.002467479,0.003557642,5.14E-05,0.001857695,0.003918006,0.002048041,0.000527842,0.001362523,0.002143374,0.000566277,0.001284221,0.000681677,0.013141154,7.74E-05,8.65E-06,0.00060451,0.001742305,0.000394357,0.000252285,0.001221904,0.002716435,0.002987266,0.00070913,0.002661698,0.005554021,0.003519239,0.00100391,0.002585775,0.000805767,0.002901234,0.003275506,0.001336334,0.004687683,5.60E-05,0.001795926,2.75E-05,0.004671656,0.000131167,0.001617378,0.001591597,0.002452441,0.000237335,0.002626467,0.000439564,0.002566863,0.000420661,0.000470005,0.001532795,0.001623652,0.001973404,0.001249732,0.001888041,0.003559456,0.003873394,7.45E-05,0.00139129,0.002291015,0.000126832,0.001658266,0.004421953,0.002166559,0.001853071,0.001275307,0.00327004,0.00238509,0.000979315,0.000711576,0.000896306,0.001581987,0.004563233,0.002590041,0.004047288,0.001436643,2.57E-05,0.003284926,0.000135754,0.001614083,0.00565655,0.001317407,0.000396829,0.002728159,0.004231401,0.002632294,0.00054622,0.001562366,0.000482616,0.001563714,0.004149567,0.006550249,0.003920742,0.005877737,0.000806832,0.002848065
d__Bacteria;k__unclassified_d__Bacteria;p__Candidatus_Rokubacteria,4.72E-05,0,0.002774132,0.001028651,0.00179674,0.010623343,5.12E-05,8.30E-05,0.00850168,0.000143731,0.000274168,9.47E-06,0.000264077,0.000623305,1.54E-06,2.87E-07,7.61E-06,0.000123047,0.000179091,0.000611092,0,4.21E-05,0.000890859,0.000277121,1.52E-05,0.000755635,0.000868117,0.000107173,9.93E-05,5.27E-05,7.50E-06,0,0,6.26E-05,0.000156183,5.77E-05,1.03E-06,0.000130054,0.000228257,0.000367099,6.33E-06,4.82E-05,0.005520189,0.000539422,1.46E-05,0.000257991,8.31E-06,0.000116215,0.000190238,0.000219775,0.001694745,0,3.34E-05,3.07E-07,0.002039215,2.60E-06,0.000133618,0.000145138,0.000204617,8.93E-05,0.00052268,1.60E-06,0.00034892,1.63E-05,2.65E-06,6.44E-05,7.53E-05,0.000967976,0.000171334,8.53E-05,7.35E-05,0.001916358,8.95E-08,8.43E-05,0.001121392,1.49E-06,3.00E-05,0.000141257,0.000340513,3.40E-05,0.00038334,0.000448617,6.85E-05,6.51E-05,0.000110597,0.000567929,0.000121883,0.017428253,0.000118546,0.00066196,2.98E-05,0,0.000368943,5.99E-06,0.001993868,0.007272707,0.000157171,7.60E-05,0.00166373,0.00020641,0.000103532,6.70E-06,8.32E-05,0.000174329,0.000116467,0.000149287,0.013818141,0.002701209,0.000769195,1.51E-05,7.20E-05
d__Bacteria;k__unclassified_d__Bacteria;p__Armatimonadetes,7.23E-05,7.94E-08,0.000224065,0.000757646,8.26E-05,0.001492757,9.72E-05,1.37E-05,0.00096823,1.72E-05,0.000138988,2.60E-05,0.000489581,0.006345741,5.14E-07,1.29E-06,1.90E-05,0.000440918,3.70E-05,0.002964702,1.09E-05,9.22E-05,0.000447645,4.94E-05,4.80E-05,0.003361685,0.000158145,3.48E-05,0.000108122,6.64E-05,9.37E-06,6.09E-07,5.39E-06,5.01E-05,5.90E-05,2.65E-05,3.79E-06,1.21E-05,0.000221288,0.000344155,3.17E-06,0.000141957,0.000761211,0.000441936,7.32E-06,0.000234537,2.22E-05,0.000319592,3.41E-05,0.000922045,0.001682223,1.27E-05,3.17E-05,1.38E-06,0.000148307,1.23E-05,7.38E-05,0.000290276,0.000198686,6.46E-05,0.003449688,8.79E-06,0.000129831,2.93E-05,7.94E-06,0.000779726,6.90E-05,0.000604985,0.000290836,0.002088602,0.000537591,0.000126552,1.61E-06,0.000367944,0.013918922,1.68E-05,2.18E-05,6.14E-05,0.003786802,7.66E-05,0.000188865,0.001762038,0.00011492,4.43E-05,0.000129377,0.004007806,0.000236303,0.00034558,3.59E-05,0.003043241,9.49E-06,6.13E-06,4.89E-05,1.08E-05,0.020999838,0.000758604,4.94E-05,1.45E-05,0.002705797,0.000611291,0.000204475,4.69E-05,0.000123658,2.26E-05,0.000185202,0.00014624,0.001576,0.000165264,0.000594378,7.71E-05,0.002332946
d__Bacteria;k__unclassified_d__Bacteria;p__Spirochaetes,5.78E-06,0.003012168,0,1.46E-05,8.01E-05,1.34E-05,2.56E-05,0.000112143,2.50E-05,2.19E-05,1.33E-05,9.47E-06,8.90E-06,3.52E-06,0.068914856,2.15E-06,4.38E-05,0,2.84E-05,6.05E-06,5.16E-06,1.62E-05,4.43E-05,1.71E-05,1.18E-05,0.000237995,1.01E-05,0.000156414,0,6.87E-06,1.22E-05,1.54E-05,6.74E-05,1.93E-06,0.000291541,0.000232045,2.86E-05,1.06E-05,5.23E-06,0.000403809,1.19E-05,1.52E-05,1.69E-05,1.30E-05,1.90E-05,8.80E-06,1.85E-06,8.30E-06,1.71E-05,1.01E-05,0,2.97E-05,0.000135321,1.10E-05,0,4.83E-06,9.97E-06,2.21E-05,1.19E-05,0.000182114,1.74E-05,4.00E-06,1.35E-05,9.76E-06,2.38E-05,4.44E-06,1.88E-05,8.64E-06,1.44E-06,1.61E-05,6.68E-06,4.52E-06,9.13E-06,0,4.02E-06,5.22E-06,1.09E-05,9.21E-06,7.48E-06,2.21E-05,9.35E-06,1.08E-05,8.06E-06,5.40E-05,1.25E-05,5.38E-06,2.49E-06,0,4.31E-05,4.44E-06,2.30E-05,0.000176151,8.89E-06,3.99E-06,5.59E-06,5.50E-06,2.47E-05,0.000156171,4.47E-06,1.19E-05,1.04E-05,1.84E-05,4.76E-06,0,1.72E-05,6.09E-06,7.04E-06,5.70E-06,1.55E-05,1.21E-05,1.54E-05
d__Archaea;k__unclassified_d__Archaea;p__Crenarchaeota,4.82E-05,1.06E-05,0.000266743,0.00020981,4.86E-05,0.000261065,0,9.42E-06,0.000287346,1.56E-06,7.81E-05,0,0.000243307,0.000109166,1.44E-05,1.15E-06,0,5.13E-06,2.84E-05,0.000314621,4.61E-06,4.85E-05,7.98E-05,1.14E-05,8.42E-07,0.000104123,0.000232171,2.90E-06,1.77E-05,6.87E-06,0,4.27E-06,2.26E-06,2.21E-05,0,3.61E-06,0,3.02E-06,0.000200378,9.64E-05,0,0,0.000349593,0.000227467,2.93E-06,2.35E-05,0,2.08E-05,1.71E-05,0.000770476,0.001469336,2.26E-05,0,2.91E-06,0.000271895,0,1.20E-05,7.38E-06,5.04E-05,2.06E-05,0.000365876,1.60E-06,2.70E-05,0,2.65E-06,7.33E-05,0.000190402,7.49E-05,4.46E-05,0.000320437,7.68E-05,0.000189828,7.16E-07,3.83E-06,0.000908367,0,2.72E-06,0,0.001829789,4.59E-05,0.000138376,0.000194581,6.05E-06,9.70E-06,0,6.46E-05,1.24E-05,0.001633653,0,0.001626023,0,2.21E-05,0,0,0.002066473,0.000252868,3.36E-05,2.65E-05,0.000666386,4.37E-05,0.00013718,3.35E-06,1.43E-05,3.12E-05,0.000198567,3.05E-06,0.000337714,0.000307733,0.000163163,0,0.00075777
d__Archaea;k__unclassified_d__Archaea;p__Candidatus_Bathyarchaeota,0,0,1.07E-05,1.75E-05,0,7.36E-05,0,0,7.50E-05,0,0,0,1.19E-05,0.000429623,0,0,0,1.54E-05,0,3.03E-05,7.37E-07,3.24E-06,4.43E-06,0,0,0.000306419,1.35E-05,0,2.21E-06,0,0,0,1.25E-07,0,0,0,0,1.51E-06,1.74E-06,9.18E-06,0,0,1.13E-05,1.30E-05,0,2.93E-06,0,0,0,1.26E-05,1.25E-05,2.17E-06,0,0,0,0,3.99E-06,7.38E-06,0,0,5.66E-05,7.99E-07,2.70E-06,0,0,1.11E-05,4.18E-06,0,2.88E-06,3.69E-05,1.00E-05,4.52E-06,8.95E-08,3.83E-06,0.002962242,0,0,0,8.23E-05,0,1.87E-06,3.24E-05,0,0,0,0.00030146,4.97E-06,7.85E-06,0,3.11E-05,0,0,0,0,0.008014566,2.75E-05,5.30E-06,0,0.000161006,7.94E-06,5.18E-06,0,0,0,5.73E-06,0,3.52E-05,5.70E-06,3.88E-06,0,2.57E-05
d__Bacteria;k__unclassified_d__Bacteria;p__Tenericutes,7.71E-06,0.002167691,0,2.91E-06,2.91E-05,0,0,0.000172923,1.25E-05,0,1.90E-06,2.37E-06,2.97E-06,0,0.003855772,9.89E-05,7.61E-06,2.56E-06,1.42E-05,0,0.000238211,2.43E-05,6.20E-05,3.99E-05,5.05E-06,9.22E-05,1.68E-05,0.000108621,0,1.15E-06,9.37E-07,8.29E-05,0.000259015,9.63E-07,0.000177007,0.000108208,4.23E-05,7.56E-06,1.05E-05,2.29E-05,5.54E-06,0,5.64E-06,3.25E-06,3.22E-05,2.35E-05,0,4.15E-06,4.88E-06,7.58E-06,0,0.000428838,3.84E-05,5.72E-05,0,6.06E-05,5.98E-06,1.23E-05,8.90E-06,0.000146866,0,1.04E-05,8.11E-06,4.34E-06,5.29E-05,0,2.30E-05,5.76E-06,4.32E-06,0,0,0,8.87E-05,0,1.21E-05,4.40E-05,0,2.46E-05,3.74E-06,2.21E-05,5.61E-06,0,1.61E-05,2.77E-06,0,0,4.97E-06,0,0,4.44E-06,6.64E-05,0.000664507,3.11E-05,3.27E-05,0,5.50E-06,6.00E-05,7.68E-05,6.26E-05,0,3.88E-05,1.68E-06,9.51E-06,2.45E-06,0,0,0,5.70E-06,0,1.51E-06,1.03E-06
d__Bacteria;k__unclassified_d__Bacteria;p__Candidatus_Tectomicrobia,1.93E-06,0,3.20E-05,0.000198154,1.21E-05,0.002255871,1.53E-05,0,0.000368552,8.28E-05,0.000167547,1.18E-05,0.000115719,6.34E-05,0,0,0,5.13E-06,2.84E-06,0.000393277,0,2.43E-05,0.00041662,5.69E-06,0,1.19E-05,6.73E-05,0,2.43E-05,5.73E-05,0,0,0,1.35E-05,2.78E-05,0,0,1.51E-06,7.84E-05,0.000100952,0,1.27E-05,0.000468004,0.00013648,0,0.000134859,2.77E-06,2.91E-05,0.000221944,0.000209671,0.000267152,0,0,0,8.65E-05,0,5.98E-05,7.38E-06,0.000329167,0,0.000152448,0,9.74E-05,2.17E-06,0,8.89E-06,4.18E-06,0.000198781,0.000236124,4.15E-05,3.01E-05,6.33E-05,0,1.15E-05,1.21E-05,0,5.45E-05,3.07E-06,1.12E-05,5.10E-06,6.92E-05,0.000356732,1.21E-05,0,4.17E-06,0,7.46E-06,7.85E-06,0,0.000133281,0,0,4.45E-05,0,2.23E-05,0.000395794,3.89E-05,1.45E-05,1.79E-05,7.94E-05,2.85E-05,1.68E-06,1.66E-05,1.90E-05,4.58E-05,6.09E-06,0.000717643,3.99E-05,0.000174817,0,2.88E-05
d__unclassified;k__unclassified_d__unclassified;p__unclassified_d__unclassified,1.83E-05,8.05E-05,5.33E-05,4.37E-05,0.000157822,4.02E-05,6.65E-05,0.000241407,5.00E-05,0.000142169,1.71E-05,4.73E-05,1.48E-05,5.28E-05,0.000112619,3.39E-05,2.28E-05,2.56E-05,1.71E-05,3.63E-05,0.000229177,2.75E-05,8.42E-05,5.12E-05,2.61E-05,0.000145772,6.73E-06,0.000246207,2.43E-05,8.02E-06,7.50E-06,9.95E-05,0.000117278,6.93E-05,8.68E-05,0.000331837,2.68E-05,4.08E-05,6.62E-05,1.38E-05,4.91E-05,1.01E-05,9.59E-05,2.27E-05,1.76E-05,3.52E-05,3.60E-05,1.25E-05,1.95E-05,5.05E-06,4.59E-05,0.000211634,2.51E-05,7.43E-05,4.33E-05,0.000110359,3.39E-05,2.71E-05,2.37E-05,6.34E-05,5.23E-05,5.19E-05,1.62E-05,0.000113839,0.000115517,6.66E-06,4.60E-05,4.61E-05,1.44E-05,1.15E-05,1.34E-05,5.88E-05,9.74E-05,7.67E-05,0.000249198,0.000100719,8.44E-05,1.84E-05,4.49E-05,2.72E-05,7.67E-05,3.78E-05,1.41E-05,0.000156524,0.000194066,0.000102281,9.95E-06,0.000125666,1.08E-05,3.11E-05,5.83E-05,0.000140256,0.000115573,8.50E-05,0.000603187,9.35E-05,2.47E-05,0.000149344,0.00020573,3.97E-05,4.14E-05,1.01E-05,1.19E-05,1.53E-05,3.44E-05,0,0.000168857,5.70E-05,1.17E-05,6.80E-05,7.20E-06
d__Bacteria;k__unclassified_d__Bacteria;p__Candidatus_Saccharibacteria,3.85E-05,1.17E-05,3.20E-05,1.46E-05,3.64E-05,1.34E-05,9.21E-05,8.99E-05,1.25E-05,3.75E-05,1.14E-05,3.79E-05,1.78E-05,0.001390992,0.000210324,2.23E-05,7.23E-05,6.15E-05,1.71E-05,6.05E-06,1.29E-05,2.10E-05,0.000110803,3.99E-05,2.69E-05,1.19E-05,3.03E-05,5.65E-05,3.09E-05,2.41E-05,3.00E-05,0.000138952,3.68E-05,4.33E-05,4.16E-05,2.28E-05,0.000502506,1.36E-05,4.53E-05,5.05E-05,1.35E-05,1.01E-05,4.51E-05,3.25E-06,6.59E-05,3.52E-05,2.40E-05,8.30E-06,4.88E-06,1.26E-05,2.50E-05,1.86E-05,7.52E-05,3.22E-06,4.33E-05,7.80E-06,6.18E-05,1.23E-05,2.37E-05,0,0,1.20E-05,2.98E-05,0.000899868,1.76E-05,8.89E-06,2.51E-05,1.73E-05,1.01E-05,4.61E-06,3.34E-06,2.71E-05,7.26E-05,0.000103484,6.83E-05,1.08E-05,3.00E-05,3.07E-05,3.74E-06,2.38E-05,2.24E-05,1.08E-05,1.41E-05,3.88E-05,9.18E-05,0.000129197,2.49E-06,1.57E-05,3.59E-05,3.11E-05,5.56E-05,2.22E-05,1.33E-05,2.00E-05,0.000134042,3.30E-05,5.30E-06,5.12E-05,1.34E-05,1.59E-05,2.59E-05,5.03E-06,2.85E-05,3.06E-06,7.64E-06,3.96E-05,2.81E-05,3.99E-05,0,3.02E-05,7.20E-06
d__Bacteria;k__unclassified_d__Bacteria;p__Chlamydiae,9.64E-07,0.000577929,5.33E-06,8.74E-06,8.01E-05,6.69E-06,5.12E-06,8.56E-06,3.75E-05,1.56E-06,3.81E-06,0,5.93E-06,1.76E-05,0.000159414,1.15E-05,7.61E-06,2.56E-06,5.69E-06,6.05E-06,2.54E-05,8.09E-06,1.77E-05,1.52E-05,7.58E-06,2.08E-05,0,4.06E-05,1.54E-05,1.15E-06,1.87E-05,6.09E-07,6.67E-05,9.63E-07,1.39E-05,5.53E-05,2.37E-05,0.000136103,1.57E-05,0.001427096,0.000991674,2.53E-06,4.51E-05,3.25E-06,4.98E-05,2.35E-05,9.23E-07,2.08E-05,4.88E-06,0,8.35E-06,8.35E-06,4.18E-05,3.07E-07,6.18E-06,0.00012485,1.99E-06,0,5.34E-05,5.23E-05,1.74E-05,1.60E-06,2.70E-06,2.17E-06,3.00E-05,4.44E-06,1.46E-05,8.64E-06,4.32E-06,6.92E-06,1.00E-05,0,3.58E-07,0,1.21E-05,6.64E-05,2.72E-06,3.07E-06,7.48E-06,1.36E-05,1.31E-05,5.95E-05,4.03E-06,1.25E-05,0,1.61E-05,8.21E-05,0,3.59E-05,4.44E-06,1.36E-05,5.94E-05,4.00E-05,2.24E-05,2.23E-05,1.10E-05,1.77E-06,6.83E-06,2.68E-05,0.00020244,2.07E-05,0,1.90E-05,1.22E-06,1.91E-06,3.05E-06,7.04E-06,0,0,0,4.11E-06
d__Bacteria;k__unclassified_d__Bacteria;p__Fibrobacteres,7.71E-06,0.000150136,3.73E-05,2.33E-05,5.34E-05,6.69E-06,6.14E-05,6.08E-05,1.25E-05,1.56E-06,1.90E-06,2.60E-05,8.90E-06,7.40E-05,0.000661313,7.90E-06,1.14E-05,6.15E-05,3.70E-05,6.05E-06,7.37E-07,3.07E-05,3.55E-05,1.14E-05,0,5.95E-05,5.38E-05,1.45E-05,1.54E-05,1.15E-06,2.81E-06,1.63E-06,6.40E-06,4.81E-06,6.59E-05,3.13E-05,0,1.51E-05,2.61E-05,8.72E-05,1.58E-06,2.28E-05,2.26E-05,2.27E-05,0.000522443,8.80E-06,5.54E-06,1.66E-05,3.90E-05,5.05E-06,8.35E-06,4.08E-05,1.17E-05,7.67E-07,8.65E-05,1.49E-06,0.000215384,1.97E-05,4.74E-05,2.88E-05,4.36E-06,1.44E-05,6.22E-05,7.48E-05,9.70E-06,0,2.72E-05,1.73E-05,2.88E-06,0,6.68E-06,0.000103953,3.58E-07,2.30E-05,8.44E-05,2.98E-06,1.36E-05,2.46E-05,3.74E-06,1.02E-05,9.35E-06,2.16E-05,8.06E-06,9.70E-06,1.67E-05,4.04E-05,7.46E-06,3.14E-05,2.51E-05,8.89E-06,2.30E-05,0.000500963,2.22E-05,2.40E-06,4.47E-05,5.50E-06,4.59E-05,5.12E-05,4.47E-05,1.98E-05,0,0,4.76E-06,0,1.15E-05,4.27E-05,7.04E-06,6.27E-05,2.33E-05,1.66E-05,9.87E-05
d__Bacteria;k__unclassified_d__Bacteria;p__Candidatus_Eremiobacteraeota,9.64E-07,0,0,0,0,6.69E-06,1.02E-05,0,6.25E-06,2.66E-05,1.90E-06,2.60E-05,0,1.06E-05,0,1.44E-07,1.90E-06,0.001109986,8.53E-06,0,0,0,4.43E-06,0,8.42E-07,0.000136847,3.36E-06,0,2.43E-05,1.15E-06,9.37E-07,0,0,1.93E-06,0.000128417,2.40E-05,0,0,0,4.59E-06,1.03E-05,1.01E-05,1.13E-05,0,0,5.86E-06,0.000120911,0,0,0,4.17E-06,0,0,1.53E-07,1.85E-05,0.000150489,3.39E-05,4.92E-06,0,0,8.71E-06,7.99E-07,2.70E-06,0.0001713,8.82E-07,2.22E-06,0,0,1.44E-06,2.31E-06,0,4.52E-06,8.95E-08,0,3.22E-05,8.95E-05,8.17E-06,0,7.48E-06,1.70E-06,5.61E-06,5.41E-06,2.02E-06,4.16E-06,2.92E-05,0.000320301,2.49E-06,0,3.59E-06,1.33E-05,2.71E-06,0,0.000320047,0.000134955,0.000217817,5.50E-06,3.53E-06,0,0.000125227,0,2.59E-06,0.000688639,7.13E-06,0,3.82E-06,0,7.04E-06,0,0,6.04E-06,2.06E-06
d__Archaea;k__unclassified_d__Archaea;p__Candidatus_Thermoplasmatota,5.78E-06,4.44E-06,3.20E-05,1.75E-05,3.64E-05,2.68E-05,0.000133017,0,1.87E-05,5.78E-05,1.71E-05,3.55E-05,2.97E-05,2.47E-05,8.28E-05,2.87E-07,2.28E-05,4.87E-05,2.27E-05,6.05E-05,0,6.47E-06,5.76E-05,2.85E-05,5.05E-06,2.08E-05,2.36E-05,0,1.77E-05,8.02E-06,1.78E-05,0,5.02E-07,3.85E-06,5.21E-05,0,2.07E-06,1.36E-05,2.27E-05,3.67E-05,5.54E-06,3.80E-05,1.13E-05,9.75E-06,1.61E-05,1.17E-05,2.86E-05,8.30E-06,1.95E-05,3.03E-05,1.67E-05,0,8.35E-06,0,3.71E-05,2.60E-06,5.78E-05,8.36E-05,2.08E-05,0,5.66E-05,4.80E-06,4.87E-05,1.73E-05,3.53E-06,2.00E-05,1.88E-05,4.32E-05,4.32E-06,2.54E-05,5.01E-05,4.97E-05,8.95E-08,5.37E-05,0.000164792,2.61E-06,5.99E-05,2.15E-05,5.24E-05,2.55E-05,3.37E-05,8.65E-05,2.62E-05,0,5.84E-05,1.88E-05,9.95E-06,0.000251331,2.51E-05,2.67E-05,1.36E-05,0,7.11E-05,3.99E-06,0.000117286,3.85E-05,1.24E-05,0,4.47E-05,1.98E-05,1.55E-05,1.17E-05,4.76E-06,8.56E-06,1.53E-05,7.31E-05,7.04E-05,5.13E-05,7.38E-05,7.55E-06,2.78E-05
d__Bacteria;k__unclassified_d__Bacteria;p__Candidatus_Dormibacteraeota,0,0,5.33E-06,5.83E-06,0,6.69E-06,1.02E-05,0,6.25E-06,8.44E-05,0,7.10E-06,2.97E-06,0.000109166,0,0,1.90E-06,3.59E-05,5.69E-06,0,0,0,0,0,0,5.95E-06,0,0,0,0,0,0,0,2.89E-06,0.000107593,0,0,0,0,0,0,0,0,0,1.46E-06,5.86E-06,1.02E-05,0,0,0,4.17E-06,0,0,0,0,4.09E-06,7.38E-05,7.38E-06,0,0,0,0,2.70E-06,9.76E-06,0,0,2.09E-06,2.88E-06,0,0,0,9.04E-06,0,2.30E-05,0.000221063,3.36E-06,2.72E-06,0,3.74E-06,0,1.87E-06,0,2.02E-06,2.77E-06,0.000127291,0.000110356,0,7.85E-06,3.59E-06,0,1.36E-06,0,0.000524521,2.40E-06,0.00041888,0,1.77E-06,0,0.000389098,0,0,1.68E-06,0,6.12E-07,0,0,0,0,0,0,1.03E-06
d__Bacteria;k__unclassified_d__Bacteria;p__Candidatus_Latescibacteria,3.85E-06,0,2.13E-05,0,3.64E-05,7.36E-05,0,1.71E-06,9.37E-05,0,3.81E-06,0,3.86E-05,7.04E-06,0,0,3.80E-06,0,8.53E-06,2.42E-05,0,0,1.77E-05,5.69E-06,1.68E-06,2.38E-05,1.35E-05,1.45E-05,0,1.15E-06,0,0,0,2.89E-06,3.47E-06,6.01E-06,0,6.05E-06,1.74E-06,4.59E-06,7.91E-07,2.53E-06,0.000411618,1.62E-05,2.93E-06,2.93E-06,9.23E-07,0,1.22E-05,1.01E-05,0.000121053,0,3.34E-06,0,5.56E-05,0,1.99E-06,0,1.19E-05,1.47E-05,4.36E-06,3.20E-06,2.70E-06,0,8.82E-07,4.44E-06,1.05E-05,2.88E-06,0,2.31E-06,0,9.04E-06,0,3.83E-06,4.02E-06,3.73E-07,2.72E-06,3.07E-06,7.48E-06,6.81E-06,0,5.41E-06,2.02E-06,1.39E-06,6.26E-06,0,4.97E-06,0,2.51E-05,0.000102182,1.36E-06,0,0,0,5.59E-06,0.000164914,0,1.79E-05,0,2.38E-05,2.33E-05,3.35E-06,7.13E-06,1.84E-06,0,0,0.000464357,3.99E-05,2.72E-05,0,3.08E-06
d__Bacteria;k__unclassified_d__Bacteria;p__Lentisphaerae,7.71E-06,6.67E-06,1.60E-05,8.74E-06,9.71E-06,6.02E-05,3.07E-05,8.56E-07,5.62E-05,2.19E-05,1.33E-05,1.66E-05,2.97E-06,1.41E-05,2.78E-05,4.31E-06,7.61E-06,3.85E-05,3.41E-05,2.42E-05,1.11E-06,1.46E-05,4.43E-06,2.09E-05,1.18E-05,0,1.01E-05,5.79E-06,8.83E-06,4.58E-06,6.56E-06,1.24E-05,1.13E-06,4.81E-06,2.08E-05,1.80E-05,1.10E-05,1.06E-05,1.22E-05,1.38E-05,3.17E-06,2.53E-05,2.26E-05,6.50E-06,1.46E-05,1.76E-05,5.54E-06,2.49E-05,2.93E-05,3.03E-05,2.92E-05,6.19E-07,3.84E-05,1.55E-05,1.85E-05,4.09E-06,2.99E-05,2.71E-05,2.08E-05,1.17E-05,2.61E-05,7.99E-06,2.16E-05,1.73E-05,7.05E-06,4.44E-06,1.88E-05,1.73E-05,4.32E-06,1.15E-05,2.67E-05,1.81E-05,5.14E-05,2.68E-05,2.01E-05,1.12E-06,1.36E-05,5.22E-05,1.50E-05,1.19E-05,1.12E-05,2.70E-05,1.21E-05,1.11E-05,1.46E-05,1.08E-05,1.99E-05,1.57E-05,2.51E-05,2.67E-05,8.13E-06,7.00E-07,8.89E-06,3.99E-06,5.59E-06,4.95E-05,1.41E-05,5.97E-06,1.34E-05,3.97E-05,1.55E-05,3.35E-06,1.66E-05,3.67E-06,1.91E-05,5.79E-05,2.81E-05,3.42E-05,4.27E-05,1.06E-05,1.65E-05
d__Bacteria;k__unclassified_d__Bacteria;p__Synergistetes,0,1.82E-05,0,2.33E-05,0,0,0,8.22E-05,0,3.12E-06,5.71E-06,0,2.97E-06,3.52E-06,2.26E-05,3.59E-06,0,2.56E-06,8.53E-06,6.05E-06,1.79E-05,3.24E-06,2.22E-05,6.64E-05,3.37E-06,3.57E-05,3.36E-06,2.61E-05,2.21E-06,2.29E-06,9.37E-07,1.75E-05,5.34E-05,1.93E-06,3.47E-06,4.57E-05,1.58E-05,3.02E-06,1.74E-06,0.000119307,1.58E-06,0,0,6.50E-06,1.17E-05,1.47E-05,2.77E-06,0,2.44E-06,0,8.35E-06,4.98E-05,0.00013365,1.26E-05,0,2.16E-05,0,0,2.97E-06,4.46E-05,2.18E-05,1.60E-06,0.000137945,1.08E-06,1.06E-05,0,6.28E-06,7.78E-05,5.76E-06,2.31E-06,3.34E-06,4.52E-06,2.33E-05,1.15E-05,0,1.27E-05,8.17E-06,0,0,1.70E-06,0,0,0,3.05E-05,2.09E-06,0,2.49E-06,0,0,0,1.63E-05,0.000221327,8.89E-06,7.59E-06,0,0,0,3.58E-05,0,3.97E-06,1.04E-05,0,0,0,0,0,0,5.70E-06,0,3.02E-06,0
d__Bacteria;k__unclassified_d__Bacteria;p__Fusobacteria,9.64E-07,0.000172911,0,8.74E-06,1.70E-05,6.69E-06,0,9.67E-05,6.25E-06,3.12E-06,0,0,2.97E-06,0,6.94E-05,6.03E-06,0,2.56E-06,5.69E-06,6.05E-06,2.42E-05,8.09E-06,4.43E-06,1.52E-05,1.68E-06,4.76E-05,0,2.90E-06,6.62E-06,5.73E-06,1.87E-06,2.36E-05,4.92E-05,1.64E-05,1.74E-05,0.000162312,3.79E-06,4.54E-06,0,0.000137662,0,5.07E-06,1.69E-05,6.50E-06,1.02E-05,8.80E-06,0,4.15E-06,0,0,4.17E-06,5.88E-05,0.000147015,7.36E-06,0,3.34E-06,0,0,2.97E-06,4.99E-05,0,3.20E-06,2.16E-05,1.08E-06,1.32E-05,0,2.09E-06,2.88E-06,0,2.31E-06,3.34E-06,4.52E-06,3.49E-06,0,8.04E-06,7.46E-06,2.72E-06,6.14E-06,0,1.19E-05,0,0,2.02E-06,2.49E-05,0,2.69E-06,2.49E-06,0,0,0,1.22E-05,4.29E-05,0,8.38E-06,0,0,3.53E-06,9.90E-05,8.94E-06,0,1.29E-05,0,0,6.12E-07,0,6.09E-06,1.41E-05,0,3.88E-06,1.51E-06,0
d__Archaea;k__unclassified_d__Archaea;p__Candidatus_Lokiarchaeota,2.89E-06,0,1.07E-05,4.66E-05,0,6.69E-05,0,0,5.62E-05,0,1.90E-06,0,0,0,0,0,0,0,0,5.45E-05,0,3.24E-06,3.55E-05,0,0,0,0,0,1.77E-05,1.60E-05,0,0,0,1.35E-05,0,0,0,0,3.31E-05,2.75E-05,0,1.52E-05,6.20E-05,1.30E-05,0,8.80E-06,0,3.74E-05,2.44E-06,2.53E-06,1.25E-05,0,0,0,0,0,0,0,1.19E-05,0,5.66E-05,0,1.62E-05,0,0,1.33E-05,0,4.03E-05,1.73E-05,9.45E-05,0,1.36E-05,0,0,0,0,0,0,0.000119741,1.70E-06,5.24E-05,5.95E-05,1.21E-05,0,0,0,4.23E-05,1.57E-05,1.08E-05,8.89E-06,0,0,0,0,0,7.15E-05,0,0,1.34E-05,3.57E-05,2.59E-06,0,0,1.22E-06,0,0,0.000105536,5.70E-05,5.83E-05,0,6.27E-05
d__Bacteria;k__unclassified_d__Bacteria;p__Myxococcota,9.64E-07,0,0,2.91E-06,0,1.34E-05,0,0,6.25E-06,3.12E-06,3.81E-06,7.10E-06,2.37E-05,3.52E-06,0,1.44E-07,5.71E-06,5.13E-06,5.69E-06,2.42E-05,0,6.47E-06,4.43E-05,2.09E-05,2.36E-05,0,1.01E-05,0,1.32E-05,1.60E-05,7.50E-06,0,0,6.74E-06,0,0,0,1.51E-06,2.44E-05,0,9.50E-06,6.84E-05,1.13E-05,1.62E-05,8.78E-06,4.98E-05,9.23E-07,4.57E-05,4.15E-05,5.05E-06,2.50E-05,0,5.01E-06,0,1.85E-05,7.43E-07,0,0,7.41E-05,0,8.71E-06,7.99E-07,7.30E-05,1.08E-06,8.82E-07,1.11E-05,1.46E-05,2.88E-05,2.30E-05,2.31E-06,2.00E-05,4.52E-06,8.95E-08,0,8.04E-06,0,0,9.21E-06,1.12E-05,3.40E-06,2.43E-05,3.78E-05,5.04E-05,4.99E-05,2.09E-06,0,1.24E-05,0,4.67E-05,3.11E-05,5.42E-06,0,0,1.20E-06,5.59E-06,5.50E-05,5.30E-06,0,0,9.13E-05,2.59E-05,5.03E-06,3.09E-05,1.22E-06,7.64E-06,3.66E-05,7.04E-06,5.70E-06,1.17E-05,2.12E-05,2.06E-06
d__Archaea;k__unclassified_d__Archaea;p__unclassified_d__Archaea,0,5.48E-06,1.07E-05,1.17E-05,1.46E-05,9.37E-05,0,0,0,1.56E-06,0,0,2.97E-06,2.11E-05,0.000102848,1.49E-05,0,0,2.84E-06,1.21E-05,1.84E-07,1.62E-06,2.22E-05,3.80E-06,3.37E-06,0,6.73E-06,1.30E-05,2.21E-06,0,5.62E-06,2.03E-07,1.25E-07,9.63E-07,0,0,1.03E-06,0,3.48E-06,0,0,0,2.26E-05,6.50E-06,1.46E-06,2.93E-06,0,4.15E-06,0,2.53E-06,2.50E-05,0,5.01E-06,0,0,1.86E-06,0,0,5.93E-06,7.64E-06,0,0,1.08E-05,0,8.82E-07,0,0,1.73E-05,5.76E-06,0,3.34E-06,1.36E-05,0,0,0.000168812,1.87E-06,0,3.07E-06,3.74E-06,0,5.61E-06,0,6.05E-06,0,0,2.15E-05,0,6.28E-05,3.59E-06,4.44E-06,0,7.00E-07,0,1.20E-06,0.000390954,2.20E-05,1.77E-06,0,2.24E-05,3.97E-06,2.59E-06,0,0,1.22E-06,0,3.05E-06,6.33E-05,2.85E-05,2.33E-05,0,9.25E-06
d__Bacteria;k__unclassified_d__Bacteria;p__Candidatus_Cloacimonetes,0,1.46E-05,1.07E-05,2.04E-05,4.86E-06,0.000180737,5.12E-06,0,0.000149919,3.12E-06,5.71E-06,0,8.90E-06,0,0,1.58E-06,1.90E-06,0,2.84E-06,3.03E-05,7.37E-07,4.85E-06,3.10E-05,1.90E-06,0,1.19E-05,0,0,6.62E-06,0,9.37E-07,2.23E-06,5.39E-06,1.93E-06,3.47E-06,0,1.51E-05,1.51E-06,3.48E-06,0,0,0,7.33E-05,1.30E-05,2.93E-06,1.17E-05,0,0,2.44E-06,2.53E-06,2.50E-05,3.71E-06,3.34E-06,2.45E-06,1.85E-05,3.72E-07,1.99E-06,0,8.90E-06,0,2.18E-05,2.40E-06,2.16E-05,0,2.65E-06,0,0,8.64E-06,7.20E-06,1.38E-05,3.34E-06,1.36E-05,5.46E-06,3.83E-06,0,0,2.72E-06,9.21E-06,1.12E-05,1.70E-06,7.48E-06,5.41E-06,0,0,0,0,2.49E-06,0,0,1.78E-05,1.36E-06,1.86E-05,0,0,0,8.25E-05,3.53E-06,0,4.47E-06,3.97E-06,5.18E-06,0,0,0,5.73E-06,6.09E-06,0.000218107,1.71E-05,4.27E-05,0,1.34E-05
d__Bacteria;k__unclassified_d__Bacteria;p__Ignavibacteriae,0,2.78E-06,5.33E-06,0,2.43E-05,0,0,2.05E-05,0,0,0,1.42E-05,0,0,0,1.55E-05,0,0,1.14E-05,6.05E-06,0,3.24E-06,3.10E-05,9.49E-06,0,0,0,4.06E-05,2.21E-06,0,0.000190194,0.000114574,2.51E-06,0,0,0,2.44E-05,1.06E-05,8.71E-06,0,9.66E-05,0,0,0,5.85E-06,5.86E-06,0,0,4.39E-05,0,0,4.95E-06,1.34E-05,3.22E-06,2.47E-05,4.46E-06,0,0,2.67E-05,0,0,3.20E-06,2.70E-06,0,1.06E-05,0,2.09E-06,0,2.88E-06,4.61E-06,4.01E-05,0,4.12E-06,3.83E-06,0,3.73E-07,0,6.14E-06,2.25E-05,6.81E-06,1.87E-06,0,0,2.91E-05,0,0,0,1.57E-05,0,4.44E-06,0,2.63E-06,0,3.59E-06,5.59E-06,0,0,4.01E-05,0,3.97E-06,2.33E-05,5.03E-06,2.38E-06,0,0,0.00010968,0,2.28E-05,0,0,0
d__Bacteria;k__unclassified_d__Bacteria;p__Candidatus_Levybacteria,1.93E-06,0,6.40E-05,5.83E-06,3.40E-05,0,0,0,0,0,0,0,0,3.52E-06,0,0,1.90E-06,1.03E-05,0,0,0,0,0,0,0,2.08E-05,0,0,0,0,5.34E-05,0,0,0,0,0,0,1.51E-06,1.74E-06,9.18E-06,0,0,5.64E-06,0,5.85E-06,0,0,4.15E-06,2.44E-06,0,4.17E-06,0,1.67E-06,0,7.42E-05,0,5.98E-06,0,0,0,0,0,0,0,0,2.22E-06,2.09E-06,2.88E-06,1.44E-06,2.31E-06,0,5.88E-05,0,3.07E-05,9.24E-05,0,1.63E-05,3.07E-06,1.87E-05,0,3.74E-06,0,2.02E-06,0,2.09E-06,0,0,0.000384851,0,0,0,0,8.89E-06,0,2.23E-05,1.10E-05,0,0,1.79E-05,1.59E-05,0,0,2.38E-06,6.12E-07,0,3.05E-06,7.04E-06,6.84E-05,7.77E-06,4.53E-06,4.11E-06
d__Bacteria;k__unclassified_d__Bacteria;p__Candidatus_Binatota,0,0,1.60E-05,1.17E-05,0,4.02E-05,0,0,3.75E-05,3.12E-06,5.71E-06,4.73E-06,8.90E-06,0,0,0,3.80E-06,0,5.69E-06,3.03E-05,0,4.85E-06,4.43E-06,0,0,2.08E-05,1.68E-05,0,1.54E-05,1.15E-06,0,2.03E-07,0,9.63E-07,3.47E-06,0,3.44E-07,1.51E-06,8.71E-06,0,7.91E-07,0,5.64E-06,1.30E-05,8.78E-06,0,0,8.30E-06,1.22E-05,0,8.35E-06,0,1.84E-05,0,1.24E-05,2.49E-05,1.99E-06,2.46E-06,2.97E-06,5.87E-07,1.74E-05,0,1.62E-05,0,0,2.22E-06,2.09E-06,8.64E-06,5.76E-06,4.61E-06,3.34E-06,2.26E-05,0,0,4.02E-06,2.72E-05,5.45E-06,6.14E-06,3.74E-06,1.70E-06,3.74E-06,1.62E-05,6.05E-06,1.39E-05,0,0,9.95E-06,3.93E-05,7.18E-06,1.33E-05,1.36E-06,0,4.45E-06,3.23E-05,0,2.20E-05,7.06E-06,0,8.94E-06,7.94E-06,0,7.20E-05,4.76E-06,1.22E-06,1.91E-06,3.05E-06,7.74E-05,5.70E-06,1.94E-05,4.53E-06,6.17E-06
d__Bacteria;k__unclassified_d__Bacteria;p__Chlorobi,2.89E-06,0,5.33E-06,5.83E-06,1.46E-05,0,0,5.14E-06,0,0,7.62E-06,0,5.93E-06,0,0,0,0,0,0,2.42E-05,0,1.62E-06,2.66E-05,0,8.42E-06,1.49E-05,3.36E-06,0,1.32E-05,8.02E-06,2.81E-06,2.23E-06,0,1.25E-05,0,0,3.44E-06,1.51E-06,2.96E-05,9.18E-06,7.12E-06,0.000103933,0,0,2.93E-06,1.17E-05,0,1.66E-05,0,7.58E-06,0,0,1.84E-05,1.24E-05,1.24E-05,0,0,0,3.26E-05,0,4.36E-06,4.00E-06,4.33E-05,0,0,1.11E-05,2.09E-06,1.44E-05,2.74E-05,0,1.34E-05,0,2.68E-07,0,0,3.73E-07,0,1.23E-05,3.74E-06,1.70E-06,3.74E-05,1.08E-05,5.44E-05,0,0,0,7.46E-06,0,3.59E-06,4.44E-06,0,1.75E-07,0,3.99E-07,0,0,0,0,0,5.16E-05,0,6.70E-06,5.95E-05,6.12E-07,1.53E-05,2.13E-05,7.04E-06,1.71E-05,0,1.51E-06,1.03E-06
d__Bacteria;k__unclassified_d__Bacteria;p__Candidatus_Melainabacteria,0,0.000422159,0,5.83E-06,2.43E-06,0,0,1.28E-05,0,0,0,0,2.97E-06,0,0.000107476,1.44E-07,5.71E-06,5.13E-06,2.84E-06,0,0,0,8.86E-06,7.59E-06,0,0,0,1.45E-06,8.83E-06,0,1.87E-06,4.06E-07,7.53E-07,0,1.04E-05,0,3.44E-07,1.51E-06,3.48E-06,4.59E-06,3.17E-06,0,0,0,1.46E-06,2.93E-06,9.23E-07,0,0,2.53E-06,0,0,1.67E-06,0,1.24E-05,1.11E-06,0,0,0,0,0,6.39E-06,5.41E-06,0,1.76E-06,0,0,0,0,0,0,0,0,0,0,1.12E-06,0,9.21E-06,0,1.70E-06,3.74E-06,0,0,8.31E-06,6.26E-06,2.69E-06,4.97E-06,0,0,4.44E-06,1.36E-06,1.40E-06,8.89E-06,2.79E-06,0,0,1.77E-06,5.12E-06,0,3.97E-06,2.59E-06,1.68E-06,0,0,0,1.52E-05,0,5.70E-06,0,0,0
d__Bacteria;k__unclassified_d__Bacteria;p__Candidatus_Eisenbacteria,0,0,1.60E-05,2.33E-05,4.86E-06,2.01E-05,5.12E-06,0,1.87E-05,3.12E-06,1.90E-06,0,0,0,0,0,0,2.56E-06,5.69E-06,1.82E-05,0,0,3.55E-05,3.80E-06,0,8.92E-05,0,0,4.41E-06,0,1.87E-06,0,0,0,3.47E-06,0,0,0,3.48E-06,0,0,5.07E-06,1.13E-05,0,0,5.86E-06,9.23E-07,4.15E-06,0,2.53E-06,1.25E-05,0,0,0,2.47E-05,0,1.99E-06,0,2.97E-06,0,1.74E-05,1.60E-06,0,1.08E-06,0,0,0,2.30E-05,1.44E-06,2.31E-06,0,4.52E-06,0,3.83E-06,0,3.73E-07,0,0,1.50E-05,0,3.74E-06,1.08E-05,0,0,2.09E-06,2.69E-06,2.49E-06,3.14E-05,3.59E-05,2.67E-05,0,0,0,0,5.59E-06,1.10E-05,5.30E-06,0,0,1.98E-05,0,0,0,1.22E-06,0,9.14E-06,4.22E-05,1.14E-05,0,0,1.03E-06
d__Bacteria;k__unclassified_d__Bacteria;p__candidate_division_Zixibacteria,0,0,1.60E-05,0,2.43E-05,1.34E-05,0,0,1.87E-05,0,0,0,0,3.87E-05,0,0,0,2.56E-06,0,0,0,0,0,0,0,1.49E-05,1.01E-05,0,0,0,0,0,0,0,0,0,0,0,0,0,0,0,5.64E-06,9.75E-06,0,0,0,0,0,0,1.25E-05,0,0,0,3.09E-05,0,0,7.38E-06,0,0,4.36E-06,0,0,0,0,0,0,0,1.44E-06,0,0,0,0,1.15E-05,3.22E-05,0,0,0,0,0,0,0,0,0,0,2.96E-05,0,9.42E-05,0,0,0,0,0,0,0.000161967,1.65E-05,0,0,2.24E-05,0,0,0,0,1.22E-06,0,0,0,1.71E-05,0,0,0
d__Bacteria;k__unclassified_d__Bacteria;p__Kiritimatiellaeota,0,7.14E-05,5.33E-06,0,2.43E-06,0,0,0,0,1.56E-06,0,0,5.93E-06,0,0.000271519,1.44E-07,0,0,2.84E-06,0,0,1.62E-06,4.43E-06,3.80E-06,8.42E-07,0,3.36E-06,0,2.21E-06,1.26E-05,9.37E-07,6.09E-07,0,2.89E-06,6.94E-06,0,3.44E-07,0,5.23E-06,4.59E-06,0,0,1.13E-05,0,0,5.86E-06,0,0,4.88E-06,7.58E-06,8.35E-06,0,0,9.21E-07,0,0,1.99E-06,2.46E-06,5.93E-06,0,8.71E-06,0,0,0,8.82E-07,0,4.18E-06,0,7.20E-06,2.31E-06,0,4.52E-06,0,0,4.02E-06,0,0,0,0,0,1.87E-06,5.41E-06,0,0,0,0,0,0,0,4.44E-06,0,0,4.45E-06,3.99E-07,0,1.10E-05,1.77E-06,0,8.94E-06,0,5.18E-06,0,0,0,1.91E-06,6.09E-06,0,0,0,1.51E-06,1.03E-06
d__Bacteria;k__unclassified_d__Bacteria;p__Candidatus_Gracilibacteria,7.71E-06,0,0,5.83E-06,0,0,1.02E-05,0,0,7.81E-06,3.81E-06,4.73E-06,5.93E-06,7.04E-06,0,0,0,0,0,0,0,3.24E-06,8.86E-06,0,4.21E-06,0,6.73E-06,0,6.62E-06,4.58E-06,1.87E-06,0,0,2.21E-05,0,0,0,0,1.05E-05,4.59E-06,7.91E-07,2.53E-05,0,3.25E-06,0,2.93E-06,0,1.66E-05,0,1.26E-05,4.17E-06,0,0,0,1.24E-05,0,1.99E-06,9.84E-06,5.93E-06,0,0,7.99E-07,0,4.34E-06,2.65E-06,1.78E-05,0,8.64E-06,2.16E-05,9.22E-06,2.67E-05,9.04E-06,0,0,1.61E-05,0,0,0,1.12E-05,1.70E-06,1.12E-05,5.41E-06,6.05E-06,0,2.09E-06,0,4.97E-06,7.85E-06,0,4.44E-06,0,0,8.89E-06,0,0,0,0,0,0,7.94E-06,5.18E-06,0,3.57E-05,6.12E-07,1.15E-05,0,0,0,3.88E-06,1.21E-05,1.03E-06
d__Bacteria;k__unclassified_d__Bacteria;p__Candidatus_Parcubacteria,0,0,5.33E-06,0,0,6.02E-05,5.12E-06,0,3.75E-05,0,0,4.73E-06,0,3.52E-06,0,0,0,2.56E-06,0,1.21E-05,0,0,1.33E-05,1.71E-05,0,1.49E-05,0,0,0,0,1.31E-05,0,0,9.63E-07,0,0,0,1.51E-06,1.74E-06,4.59E-06,0,0,1.69E-05,0,1.46E-06,0,0,0,0,0,0,0,0,0,1.24E-05,0,1.99E-06,2.46E-06,0,0,0,0,0,0,0,2.22E-06,4.18E-06,8.64E-06,1.44E-06,6.92E-06,0,0,0,0,0,3.73E-07,0,3.07E-06,3.74E-06,3.40E-06,1.87E-06,0,0,0,2.09E-06,0,0,0,3.59E-06,0,0,0,4.45E-06,0,0,2.75E-05,0,0,0,0,0,0,0,0,0,8.53E-05,4.92E-05,0,3.88E-06,0,3.08E-06
d__Bacteria;k__unclassified_d__Bacteria;p__Candidatus_Microgenomates,0,0,0,0,0,0,0,0,0,0,0,0,0,3.52E-06,0,0,0,0,0,0,0,0,0,0,0,0,0,0,0,0,0,0,0,0,0,0,0,0,0,0,0,0,0,0,0,0,0,0,0,0,0,0,0,0,0,0,1.99E-06,0,0,0,0,0,0,0,0,0,0,0,0,0,0,0,0,0,0.000172831,0,0,0,0,0,0,0,4.03E-06,0,0,0,0,0,0,0,0,0,0,0,2.79E-05,0,0,0,0.000169951,0,0,0,4.76E-06,0,0,0,0,5.70E-06,0,0,0
d__Archaea;k__unclassified_d__Archaea;p__Candidatus_Woesearchaeota,0,0,0,6.99E-05,0,0,0,0,0,0,3.81E-06,0,0,0,0,0,0,0,0,1.21E-05,0,0,6.65E-05,0,0,0,0,0,2.21E-06,0,0,0,0,9.63E-07,0,0,0,0,0,4.59E-06,0,0,0,0,0,0,0,0,0,0,4.17E-06,0,0,0,0,0,0,0,0,0,4.36E-06,0,2.98E-05,0,0,8.89E-06,0,0.000109473,1.44E-06,0,0,0,0,0,0,0,0,0,3.74E-06,0,0,0,0,0,0,0,0,0,0,0,0,0,0,0,0,0,0,0,4.47E-06,3.97E-06,0,0,4.76E-06,3.67E-06,0,0,0,0,0,0,0
d__Bacteria;k__unclassified_d__Bacteria;p__Elusimicrobia,9.64E-07,1.59E-06,0,0,0,0,0,0,0,0,1.14E-05,0,0,0,8.74E-06,0,0,2.56E-06,0,0,0,3.24E-06,4.43E-06,1.14E-05,3.37E-06,0,0,0,0,0,1.69E-05,0,2.51E-07,0,0,0,0,0,0,3.67E-05,7.91E-07,2.53E-06,0,0,4.39E-06,0,5.54E-06,0,0,0,8.35E-06,3.09E-07,1.84E-05,0,6.18E-06,2.23E-06,0,0,0,9.40E-06,4.36E-06,0,2.70E-06,0,0,0,0,0,1.44E-06,0,0,4.52E-06,8.95E-08,3.83E-06,0,3.36E-06,0,0,0,0,0,0,0,0,0,0,7.46E-06,0,3.59E-06,0,0,8.76E-07,1.33E-05,0,0,5.50E-06,0,0,4.92E-05,0,0,1.68E-06,0,0,0,0,0,0,3.88E-06,0,0
d__Bacteria;k__unclassified_d__Bacteria;p__Candidatus_Falkowbacteria,9.64E-06,0,0,0,0,0,0,2.57E-06,1.87E-05,0,3.81E-06,2.37E-06,0,0,0,3.45E-06,1.14E-05,0,0,6.05E-06,0,1.62E-06,0,0,1.09E-05,0,0,0,0,0,2.81E-06,2.03E-06,1.25E-07,8.66E-06,0,0,5.16E-06,1.51E-06,1.74E-06,0,7.91E-07,0,0,9.75E-06,1.46E-06,0,0,4.15E-06,1.46E-05,5.05E-06,0,6.19E-07,0,1.69E-06,0,3.72E-07,0,0,5.93E-06,0,4.36E-06,6.39E-06,0,0,4.41E-06,0,6.28E-06,0,5.76E-06,0,3.34E-06,0,7.16E-07,0,0,0,0,0,0,0,3.74E-06,0,1.01E-05,0,0,0,0,0,3.59E-06,0,1.36E-06,0,0,0,0,5.50E-06,3.53E-06,0,0,3.97E-06,5.18E-06,1.68E-06,4.76E-06,0,1.91E-06,6.09E-06,7.04E-06,0,0,1.21E-05,4.11E-06
d__Bacteria;k__unclassified_d__Bacteria;p__Nitrospinae,0,0,0,8.74E-06,0,2.68E-05,0,0,1.25E-05,0,5.71E-06,0,0,0,0,0,0,0,0,0,0,0,1.77E-05,0,0,0,3.36E-06,0,0,0,0,0,0,0,0,0,0,0,1.74E-06,0,0,0,2.26E-05,0,0,2.93E-06,0,0,0,2.53E-06,8.35E-06,0,0,0,0,0,0,0,1.19E-05,0,0,0,5.41E-06,0,0,0,4.18E-06,8.64E-06,1.44E-06,2.31E-06,3.34E-06,0,0,0,0,0,0,0,3.74E-06,0,1.87E-06,5.41E-06,0,0,0,0,0,0,0,8.89E-06,0,0,0,0,0,5.50E-06,0,0,0,0,0,0,0,1.22E-06,0,0,4.22E-05,5.70E-06,3.88E-06,0,4.11E-06
d__Bacteria;k__unclassified_d__Bacteria;p__Candidatus_Pacebacteria,0,0,0,2.91E-06,0,0,0,0,0,0,0,0,0,0,0,0,0,0,0,0,0,0,0,0,0,0,0,0,0,0,2.72E-05,0,0,0,0,0,0,0,0,1.84E-05,4.75E-06,0,0,0,0,0,0,0,0,0,0,0,0,0,0,0,0,0,0,0,0,7.99E-07,0,4.34E-06,0,0,0,0,0,0,0,0,0,7.67E-06,0.000108522,0,0,0,0,1.70E-06,0,0,0,0,0,0,0,7.85E-06,0,0,0,0,0,0,0,0,0,0,0,0,0,0,0,0,0,0,0,0,0,4.83E-05,0
d__Bacteria;k__unclassified_d__Bacteria;p__Candidatus_Doudnabacteria,0,0,0,0,0,0,0,0,0,0,0,0,0,4.93E-05,0,0,0,7.69E-06,0,0,0,0,0,0,8.42E-07,0,0,0,2.21E-06,0,3.75E-06,0,0,0,0,0,0,0,1.74E-06,0,0,0,0,0,0,0,9.23E-06,4.15E-06,0,0,0,0,0,0,0,0,5.98E-06,0,0,0,0,0,0,2.71E-05,0,0,0,0,0,0,0,0,0,0,4.02E-05,0,0,2.15E-05,0,0,1.87E-06,0,4.03E-06,0,2.30E-05,8.07E-06,2.49E-06,0,0,0,0,0,0,0,1.68E-05,0,0,0,0,0,0,0,2.38E-06,0,0,0,0,0,0,0,0
d__Bacteria;k__unclassified_d__Bacteria;p__Deferribacteres,9.64E-07,1.59E-07,5.33E-06,2.91E-06,0,0,5.12E-06,8.56E-06,0,1.56E-06,0,0,0,0,5.14E-07,1.15E-06,0,0,0,0,2.21E-06,1.62E-06,0,0,1.68E-06,0,3.36E-06,1.45E-06,0,0,9.37E-07,2.03E-07,6.52E-06,9.63E-07,6.94E-06,0,3.44E-07,0,0,0,0,0,1.13E-05,0,4.39E-06,0,0,0,0,0,0,1.33E-05,1.84E-05,1.23E-06,6.18E-06,4.46E-06,1.99E-06,2.46E-06,2.97E-06,0,0,1.60E-06,2.70E-06,3.25E-06,3.53E-06,0,0,0,0,4.61E-06,0,0,5.37E-07,7.67E-06,4.02E-06,2.61E-06,2.72E-06,0,0,3.40E-06,1.87E-06,0,0,0,2.09E-06,5.38E-06,0,0,3.59E-06,0,1.36E-06,5.08E-06,0,1.60E-06,0,0,5.30E-06,0,0,3.97E-06,2.59E-06,1.68E-06,0,0,0,0,0,0,0,1.51E-06,1.03E-06
d__Bacteria;k__unclassified_d__Bacteria;p__Candidatus_Hydrogenedentes,0,0,5.33E-06,0,0,1.34E-05,0,0,1.87E-05,0,0,0,2.97E-06,0,0,2.87E-07,0,0,0,0,0,6.47E-06,0,1.90E-06,0,0,3.36E-06,0,0,0,9.37E-07,0,0,0,0,0,6.88E-07,4.54E-06,0,0,7.91E-07,0,0,6.50E-06,1.46E-06,0,0,0,9.76E-06,2.53E-06,1.67E-05,0,0,0,0,0,0,0,0,0,0,0,2.70E-06,0,0,0,2.09E-06,0,2.88E-06,0,0,0,8.05E-07,0,0,0,0,0,3.74E-06,0,0,0,0,0,0,0,0,0,0,4.44E-06,0,0,0,0,0,5.50E-06,1.77E-06,2.56E-06,0,0,0,0,0,0,0,0,4.22E-05,0,1.94E-05,0,0
d__Bacteria;k__unclassified_d__Bacteria;p__Abditibacteriota,0,0,1.60E-05,0,0,6.69E-06,6.65E-05,0,0,0,0,2.37E-06,2.97E-06,0,0,0,0,1.03E-05,0,0,0,0,0,0,0,0,0,0,0,0,0,0,0,0,3.47E-06,0,0,0,0,0,0,0,0,0,0,0,9.23E-07,0,4.88E-06,0,0,0,0,0,0,0,1.20E-05,0,0,0,0,2.40E-06,0,0,4.41E-06,0,0,0,0,6.92E-06,0,0,0,0,0,0,0,0,3.74E-06,0,0,0,2.02E-06,0,0,2.69E-06,7.46E-06,0,0,0,0,0,0,0,0,0,0,0,0,0,2.59E-06,0,2.38E-06,0,0,0,7.04E-06,0,3.88E-06,9.07E-06,1.03E-06
d__Bacteria;k__unclassified_d__Bacteria;p__Candidatus_Nomurabacteria,0,0,0,0,0,0,0,0,0,0,0,0,2.97E-06,0,0,0,0,2.56E-06,0,0,0,0,0,0,0,0,0,0,0,0,1.41E-05,4.27E-06,0,0,0,0,3.44E-07,0,1.74E-06,0,1.58E-06,0,0,0,0,0,0,0,0,0,0,1.33E-05,0,0,0,3.72E-07,0,0,5.93E-06,0,0,0,0,5.85E-05,4.41E-06,0,2.09E-06,0,0,0,0,0,1.88E-06,7.67E-06,0,0,0,3.07E-06,0,0,1.87E-06,0,0,0,0,0,0,0,0,0,1.36E-06,1.75E-07,0,1.20E-06,0,0,0,0,0,0,0,0,0,0,0,0,0,0,0,4.38E-05,0
d__Bacteria;k__unclassified_d__Bacteria;p__Candidatus_Sumerlaeota,0,0,5.33E-06,0,0,1.34E-05,0,0,6.25E-06,0,0,0,5.93E-06,3.52E-06,0,0,0,0,5.69E-06,6.05E-06,0,0,0,1.90E-06,0,0,0,1.59E-05,0,0,9.37E-07,0,0,9.63E-07,3.47E-06,0,0,4.54E-06,5.23E-06,0,0,0,0,0,0,0,0,4.15E-06,0,0,0,0,0,0,1.24E-05,0,0,0,0,0,8.71E-06,0,0,0,0,0,0,0,0,2.31E-06,0,4.52E-06,0,0,0,0,0,0,0,0,1.87E-06,5.41E-06,2.02E-06,0,0,0,2.49E-06,7.85E-06,0,0,0,0,0,0,0,0,0,7.68E-06,0,7.94E-06,0,0,0,0,0,9.14E-06,0,1.14E-05,0,1.51E-06,1.03E-06
d__Bacteria;k__unclassified_d__Bacteria;p__Caldiserica,0,0,0,0,0,0,0,1.88E-05,0,0,0,0,0,0,0,3.59E-06,0,0,0,0,0,0,0,0,0,0,0,4.34E-06,0,0,0,2.84E-05,1.25E-07,9.63E-07,0,0,1.27E-05,0,0,0,0,0,0,0,5.85E-06,0,0,0,0,0,0,0,0,0,0,0,0,0,0,0,0,7.99E-07,0,0,8.82E-07,0,2.09E-06,0,0,0,0,0,4.30E-05,0,0,0,0,0,0,5.10E-06,0,0,0,0,0,0,0,0,0,0,0,3.50E-07,0,7.99E-07,0,0,0,1.02E-05,0,0,5.18E-06,0,0,0,0,0,0,0,0,0,0
d__Bacteria;k__unclassified_d__Bacteria;p__Candidatus_Raymondbacteria,0,0,0,2.91E-06,0,2.68E-05,0,0,1.87E-05,0,0,0,2.97E-06,0,0,0,0,0,0,0,0,0,0,0,0,0,1.68E-05,0,0,0,0,0,0,0,0,0,0,0,0,0,0,0,5.64E-06,0,0,0,0,0,0,2.53E-06,0,0,0,0,6.18E-06,0,0,0,0,0,0,0,0,0,0,0,0,0,1.44E-06,2.31E-06,0,0,0,0,0,0,0,0,0,0,0,0,0,0,0,0,0,0,0,4.44E-06,0,0,4.45E-06,0,0,0,0,0,0,0,0,0,0,0,0,0,2.81E-05,5.70E-06,0,0,0
d__Bacteria;k__unclassified_d__Bacteria;p__Balneolaeota,0,7.14E-07,0,2.91E-06,0,0,0,8.56E-06,0,0,0,0,0,0,0,0,3.80E-06,0,0,0,9.22E-07,0,4.43E-06,1.90E-06,0,0,0,0,0,0,0,4.06E-07,1.25E-06,0,0,0,0,0,0,0,8.71E-06,2.53E-06,0,0,0,0,0,0,0,0,0,4.12E-05,0,0,0,0,0,0,0,0,0,1.60E-06,2.70E-06,0,8.82E-06,0,0,0,0,0,0,0,0,0,0,0,0,0,0,5.10E-06,0,0,0,0,0,0,0,0,0,0,0,5.25E-07,0,0,0,0,1.77E-06,0,0,0,2.59E-06,0,0,0,1.91E-06,0,0,0,0,3.02E-06,0
d__Bacteria;k__unclassified_d__Bacteria;p__Candidatus_Omnitrophica,0,0,0,0,0,0,0,0,0,0,0,0,0,0,0,0,0,0,0,0,0,0,0,3.80E-06,1.68E-06,5.95E-06,0,0,0,0,4.68E-06,0,0,0,0,0,0,0,1.74E-06,0,7.91E-07,0,0,0,0,0,0,0,0,0,4.17E-06,0,0,0,6.18E-06,0,0,0,2.97E-06,0,0,0,0,0,0,0,0,0,1.44E-06,0,3.34E-06,4.52E-06,0,0,0,0,0,3.07E-06,0,1.70E-06,0,0,0,0,0,0,0,7.85E-06,0,8.89E-06,1.36E-06,0,0,0,0,0,1.77E-06,0,0,3.97E-06,1.04E-05,0,0,6.12E-07,0,0,0,5.70E-06,0,0,0
d__Bacteria;k__unclassified_d__Bacteria;p__Rhodothermaeota,0,0,0,0,0,0,0,0,0,0,0,0,0,0,0,1.44E-07,1.90E-06,0,0,0,1.84E-07,0,0,0,0,0,0,0,0,1.15E-06,0,2.03E-07,0,0,0,0,0,0,0,0,0,0,0,0,1.46E-06,0,0,0,0,0,0,0,1.50E-05,1.07E-06,0,0,0,0,0,0,0,0,0,0,1.32E-05,0,0,0,0,0,0,0,8.95E-08,0,0,0,0,0,0,1.70E-06,0,0,0,0,0,0,0,0,0,0,0,0,0,0,0,0,1.77E-06,0,0,0,0,0,0,6.12E-07,1.91E-06,0,0,0,0,4.08E-05,0
d__Bacteria;k__unclassified_d__Bacteria;p__Candidatus_Zambryskibacteria,0,0,0,0,0,0,0,0,0,0,0,0,0,0,0,0,0,0,0,0,0,0,0,0,0,0,0,0,0,0,0,0,0,0,0,0,0,0,0,0,0,0,0,0,0,0,0,0,0,0,0,0,0,0,0,0,0,0,0,0,0,0,0,0,0,0,0,0,0,0,0,0,0,8.05E-05,0,0,0,0,0,0,0,0,0,0,0,0,0,0,0,0,0,0,0,0,0,0,0,0,0,0,0,0,0,0,0,0,0,0,0,0,0
d__Bacteria;k__unclassified_d__Bacteria;p__Candidatus_Moranbacteria,0,0,0,0,0,0,0,0,0,0,0,0,0,0,0,1.15E-06,0,0,0,0,0,0,0,5.69E-06,5.89E-06,0,0,0,0,1.15E-06,3.75E-06,6.09E-07,0,0,0,0,3.44E-07,0,0,0,0,2.53E-06,0,0,0,0,0,4.15E-06,0,0,0,0,0,0,0,0,0,0,0,0,4.36E-06,0,0,0,1.76E-06,0,2.09E-06,0,2.88E-06,0,0,4.52E-06,0,0,0,0,0,0,0,0,1.87E-06,0,0,0,0,2.69E-06,2.49E-06,0,3.59E-06,0,0,1.75E-07,0,0,0,0,0,0,0,7.94E-06,0,0,2.38E-06,0,0,0,0,0,0,1.51E-05,0
d__Bacteria;k__unclassified_d__Bacteria;p__Thermotogae,0,1.27E-06,5.33E-06,0,0,0,0,5.14E-06,0,0,0,0,0,0,0,0,0,0,0,0,0,0,4.43E-06,0,0,0,0,4.34E-06,0,0,0,6.09E-07,1.00E-06,0,0,0,1.72E-06,0,0,0,0,0,0,0,0,0,0,0,0,0,0,3.09E-07,0,0,6.18E-06,0,0,0,0,0,0,0,2.70E-06,0,8.82E-07,0,0,0,0,0,3.34E-06,0,1.22E-05,0,0,0,0,0,0,0,0,0,0,0,0,0,0,0,0,0,1.36E-06,3.33E-06,0,3.99E-07,0,5.50E-06,0,0,0,0,0,0,0,0,0,0,0,0,0,0,0
d__Bacteria;k__unclassified_d__Bacteria;p__Candidatus_Shapirobacteria,0,0,0,0,0,0,0,0,0,1.56E-06,0,2.37E-06,0,0,0,0,0,0,0,0,0,0,0,1.90E-06,8.42E-07,0,0,0,0,1.15E-06,0,0,0,0,0,0,9.29E-06,0,0,0,0,0,0,3.25E-06,1.46E-06,2.93E-06,0,4.15E-06,0,0,0,0,1.67E-06,0,0,0,0,2.46E-06,0,0,0,0,0,1.08E-06,0,0,0,2.88E-06,0,0,0,0,0,0,0,0,2.72E-06,0,0,0,0,0,0,0,4.17E-06,0,0,0,0,0,1.36E-06,0,0,0,0,0,0,0,0,0,2.59E-06,0,2.38E-06,0,1.91E-06,0,0,0,7.77E-06,0,0
d__Bacteria;k__unclassified_d__Bacteria;p__Candidatus_Curtissbacteria,0,0,0,0,0,0,0,0,0,0,0,0,0,0,0,0,3.80E-06,0,2.84E-06,0,0,0,0,0,0,0,0,0,0,0,7.50E-06,0,0,0,0,0,3.44E-07,1.51E-06,0,0,0,0,0,0,1.46E-06,0,0,0,0,0,8.35E-06,0,1.67E-06,0,0,0,0,0,0,0,4.36E-06,0,0,0,0,0,0,0,0,0,0,0,0,0,4.02E-06,0,0,0,0,1.70E-06,0,0,2.02E-06,0,0,0,0,0,3.59E-06,1.33E-05,0,0,0,0,0,0,0,0,0,0,0,0,0,0,0,0,0,0,0,0,0
d__Bacteria;k__unclassified_d__Bacteria;p__Candidatus_Marinimicrobia,0,0,0,0,0,0,0,0,0,1.56E-06,0,0,0,7.04E-06,0,0,0,0,0,6.05E-06,0,0,0,0,0,0,3.36E-06,0,0,0,0,0,0,0,0,0,0,1.51E-06,1.74E-06,0,0,2.53E-06,0,0,0,0,0,0,0,0,0,0,0,0,0,0,0,0,0,0,0,0,0,0,0,0,0,0,0,0,3.34E-06,0,0,0,0,0,2.72E-06,0,3.74E-06,1.70E-06,0,0,0,0,0,0,4.97E-06,0,0,0,0,0,0,0,0,0,0,0,0,0,0,0,0,0,0,0,7.04E-06,0,0,1.51E-06,1.03E-06
d__Bacteria;k__unclassified_d__Bacteria;p__candidate_division_NC10,0,0,0,0,0,0,0,0,6.25E-06,0,1.90E-06,0,2.97E-06,0,0,0,0,0,0,0,0,0,0,0,0,0,0,0,0,0,0,0,0,0,0,0,0,0,0,0,0,0,0,0,0,0,0,0,0,0,0,0,0,0,0,0,0,0,0,0,0,0,0,0,0,0,0,0,0,0,0,0,0,0,0,0,0,0,3.74E-06,0,0,0,0,0,0,0,0,0,0,0,0,0,0,0,0,5.50E-06,0,0,0,0,0,0,0,0,0,0,2.11E-05,0,0,0,0
d__Bacteria;k__unclassified_d__Bacteria;p__Candidatus_Peregrinibacteria,0,0,0,0,0,0,0,0,0,0,0,0,0,1.41E-05,0,0,0,0,0,0,0,0,0,1.90E-06,0,0,0,0,0,0,9.37E-06,0,0,0,0,0,0,0,0,0,1.58E-06,0,0,0,0,0,0,0,0,0,0,0,0,0,0,0,0,0,0,0,0,0,0,5.42E-06,0,0,0,0,0,0,0,0,0,0,4.02E-06,0,0,0,0,0,0,0,0,0,0,0,0,0,0,0,0,0,0,0,0,0,0,0,0,0,0,0,0,0,0,0,0,0,0,0,0
d__Bacteria;k__unclassified_d__Bacteria;p__Calditrichaeota,0,0,0,0,0,0,0,0,0,0,0,0,0,0,0,0,0,0,0,0,0,0,0,0,8.42E-07,0,0,0,0,0,0,0,0,0,0,0,0,0,0,0,0,5.07E-06,0,3.25E-06,0,0,0,0,0,0,4.17E-06,0,0,0,6.18E-06,0,0,0,0,0,0,0,2.70E-06,0,1.76E-06,2.22E-06,0,0,7.20E-06,0,0,0,0,0,0,0,0,0,0,0,0,0,0,0,0,0,0,0,0,0,0,0,0,0,0,0,0,0,0,0,0,0,0,0,0,0,0,0,0,0,0
d__Bacteria;k__unclassified_d__Bacteria;p__Candidatus_Kaiserbacteria,0,0,0,0,0,0,0,0,0,0,0,0,0,1.41E-05,3.09E-06,1.44E-07,0,0,0,0,0,0,0,0,8.42E-07,0,0,0,0,0,0,0,0,0,0,0,1.72E-06,0,0,0,0,0,0,0,0,0,0,0,0,0,0,0,3.34E-06,0,0,0,0,0,0,0,0,0,0,0,0,0,0,0,0,0,0,0,2.68E-07,0,8.04E-06,0,0,0,0,0,0,0,0,0,0,0,0,0,0,0,1.36E-06,0,0,0,0,0,0,0,0,0,0,0,0,0,0,0,0,0,0,0,0
d__Bacteria;k__unclassified_d__Bacteria;p__Candidatus_Uhrbacteria,0,0,0,0,0,0,0,0,0,0,0,0,0,1.06E-05,0,0,0,2.56E-06,0,0,0,0,0,0,0,0,0,0,0,0,0,0,0,0,0,0,0,0,0,0,0,0,0,0,0,0,0,0,0,0,0,0,0,0,0,0,0,0,0,0,0,0,0,0,0,0,0,0,0,0,0,0,0,0,0,0,0,0,0,0,0,0,0,0,0,8.07E-06,0,0,0,0,0,0,0,0,1.12E-05,0,0,0,0,0,0,0,0,0,0,0,0,0,0,0,0
d__Bacteria;k__unclassified_d__Bacteria;p__Candidatus_Roizmanbacteria,0,0,0,0,0,0,0,0,0,0,0,0,0,0,0,0,0,0,0,0,0,0,0,0,0,0,0,0,0,0,9.37E-07,0,0,0,0,0,0,0,0,0,0,0,0,0,0,0,0,4.15E-06,0,0,0,0,0,0,0,0,0,0,0,0,0,0,0,0,0,0,0,0,0,0,0,0,0,0,0,0,0,0,0,0,0,0,0,0,0,0,1.74E-05,0,0,0,0,0,0,0,5.59E-06,0,0,0,0,3.97E-06,0,0,0,0,0,0,0,0,0,0,0
d__Archaea;k__unclassified_d__Archaea;p__Nanoarchaeota,0,0,0,0,0,0,0,0,0,0,0,0,0,0,0,0,0,0,0,0,0,0,0,1.90E-06,0,0,0,0,0,0,8.43E-06,0,0,0,0,0,0,3.02E-06,0,0,0,0,0,0,0,0,0,0,0,0,0,0,0,0,0,0,0,0,0,0,0,0,0,0,0,0,0,0,0,0,0,0,0,0,0,0,0,0,0,0,0,0,0,0,0,0,0,0,0,8.89E-06,0,0,0,0,0,5.50E-06,0,0,0,0,0,0,0,0,0,0,0,0,0,0,0
d__Bacteria;k__unclassified_d__Bacteria;p__Candidatus_Riflebacteria,0,4.76E-07,0,0,0,0,0,0,0,0,0,0,0,0,0,1.44E-07,0,5.13E-06,0,6.05E-06,3.69E-07,0,0,0,0,0,0,0,0,0,9.37E-07,2.03E-07,7.53E-07,0,0,0,0,0,1.74E-06,0,0,0,0,0,0,0,0,0,0,0,0,0,0,1.53E-07,0,0,0,0,0,0,0,0,0,5.42E-06,0,0,0,0,0,0,0,0,7.16E-07,0,4.02E-06,0,0,0,0,0,0,0,0,0,0,0,0,0,0,0,0,1.40E-06,0,0,0,0,0,0,0,0,0,0,0,0,0,0,0,0,0,0,0
d__Bacteria;k__unclassified_d__Bacteria;p__Candidatus_Wolfebacteria,0,0,0,0,0,0,0,0,0,3.12E-06,0,0,0,7.04E-06,0,0,0,0,0,0,0,0,0,0,0,0,0,0,0,0,0,0,0,0,0,0,0,0,0,0,0,0,0,0,0,0,0,0,0,0,0,0,0,0,0,0,0,0,0,0,0,0,0,0,0,0,0,0,0,0,0,0,0,0,0,0,0,0,0,0,0,0,0,0,2.09E-06,0,0,0,0,0,0,0,0,0,0,0,0,0,0,0,0,0,0,0,0,0,0,0,0,0,0
d__Bacteria;k__unclassified_d__Bacteria;p__Candidatus_Kapabacteria,0,0,0,0,0,0,0,0,0,0,0,0,0,0,0,0,0,0,0,0,0,0,0,0,0,0,0,0,0,0,0,1.83E-06,0,0,0,0,0,0,0,0,0,0,0,0,0,0,0,0,0,0,0,0,0,0,0,0,0,0,0,0,0,0,0,0,8.82E-07,0,0,0,0,0,0,0,0,0,0,0,0,0,0,0,0,0,0,0,0,0,0,0,0,0,0,0,0,0,0,0,0,0,0,0,0,0,0,0,0,0,0,0,0,7.55E-06,0
d__Archaea;k__unclassified_d__Archaea;p__Candidatus_Micrarchaeota,0,0,0,0,0,0,0,0,0,0,0,0,0,0,0,0,0,0,0,0,0,1.62E-06,4.43E-06,0,0,0,0,0,0,0,0,1.63E-06,0,0,0,0,0,0,0,0,0,0,0,0,0,0,0,0,0,0,0,0,1.67E-06,0,0,0,0,0,0,0,0,0,0,0,0,0,0,0,0,0,0,0,1.79E-07,0,0,0,0,0,0,0,0,0,0,0,0,0,0,0,0,0,0,1.75E-07,0,3.99E-07,0,0,0,0,0,0,0,0,0,0,0,0,0,0,0,0,0
d__Bacteria;k__unclassified_d__Bacteria;p__Candidatus_Woesebacteria,0,0,0,0,0,0,0,0,0,0,0,0,0,0,0,0,0,0,0,0,0,0,0,0,0,0,0,0,0,0,6.56E-06,0,0,0,0,0,6.88E-07,0,0,0,0,0,0,0,0,0,0,0,0,0,0,0,0,0,0,0,0,0,0,0,0,0,0,0,0,0,0,0,0,0,0,0,0,0,0,0,0,0,0,0,0,0,0,0,0,0,0,0,0,0,0,0,0,0,0,0,0,0,0,0,0,0,0,0,0,0,0,0,0,0,0
d__Bacteria;k__unclassified_d__Bacteria;p__Chrysiogenetes,0,0,0,0,0,0,0,0,0,0,0,0,0,0,0,0,0,0,0,0,0,0,0,0,0,0,0,0,0,0,0,0,0,0,0,0,0,0,0,0,0,0,0,0,0,0,0,0,0,0,0,0,0,0,0,0,0,0,0,0,0,0,0,0,0,0,0,0,0,0,0,0,0,0,0,0,0,0,0,0,0,0,0,0,0,0,0,0,0,0,4.07E-06,0,0,0,0,0,0,0,0,0,0,0,0,0,0,0,0,0,0,0,0
d__Bacteria;k__unclassified_d__Bacteria;p__Candidatus_Delongbacteria,0,0,0,0,0,0,0,0,0,0,0,0,0,0,0,0,0,0,0,0,0,0,0,0,0,0,0,0,0,0,0,0,1.25E-07,0,0,0,0,0,0,0,0,0,0,0,0,0,0,0,0,0,0,3.09E-07,0,1.23E-06,0,0,0,0,0,0,0,0,0,0,0,0,0,0,0,0,0,0,0,0,0,0,0,0,0,0,0,0,0,0,0,0,0,0,0,0,0,1.23E-06,0,0,0,0,0,0,0,0,0,0,0,0,0,0,0,0,0,0,0
d__Bacteria;k__unclassified_d__Bacteria;p__Candidatus_Gottesmanbacteria,0,0,0,0,0,0,0,0,0,0,0,0,0,0,0,0,0,0,0,0,0,0,0,0,0,0,0,0,0,0,1.87E-06,0,0,0,0,0,0,0,0,0,0,0,0,0,0,0,0,0,0,0,0,0,0,0,0,0,0,0,0,0,0,0,0,0,0,0,0,0,0,0,0,0,0,0,0,0,0,0,0,0,0,0,0,0,0,0,0,0,0,0,0,0,0,0,0,0,0,0,0,0,0,0,0,0,0,0,0,0,0,0,0
d__Bacteria;k__unclassified_d__Bacteria;p__Candidatus_Wallbacteria,0,0,0,0,0,0,0,0,0,0,0,0,0,0,0,1.44E-07,0,0,0,0,0,0,0,0,0,0,0,0,0,0,0,2.03E-07,0,0,0,0,3.44E-07,0,0,0,0,0,0,0,0,0,0,0,0,0,0,0,0,0,0,0,0,0,0,0,0,0,0,0,0,0,0,0,0,0,0,0,4.47E-07,0,0,0,0,0,0,0,0,0,0,0,0,0,0,0,0,0,0,0,0,0,0,0,0,0,0,0,0,0,0,0,0,0,0,0,0,0,0
d__Archaea;k__unclassified_d__Archaea;p__Candidatus_Aenigmarchaeota,0,0,0,0,0,0,0,0,0,0,0,0,0,0,0,0,0,0,0,0,0,0,0,0,0,0,0,0,0,0,9.37E-07,0,0,0,0,0,0,0,0,0,0,0,0,0,0,0,0,0,0,0,0,0,0,0,0,0,0,0,0,0,0,0,0,0,0,0,0,0,0,0,0,0,0,0,0,0,0,0,0,0,0,0,0,0,0,0,0,0,0,0,0,0,0,0,0,0,0,0,0,0,0,0,0,0,0,0,0,0,0,0,0
d__Bacteria;k__unclassified_d__Bacteria;p__Atribacterota,0,0,0,0,0,0,0,0,0,0,0,0,0,0,0,0,0,0,0,0,0,0,0,0,0,0,0,0,0,0,0,0,0,0,0,0,3.44E-07,0,0,0,0,0,0,0,0,0,0,0,0,0,0,0,0,0,0,0,0,0,0,0,0,0,0,0,0,0,0,0,0,0,0,0,0,0,0,0,0,0,0,0,0,0,0,0,0,0,0,0,0,0,0,0,0,0,0,0,0,0,0,0,0,0,0,0,0,0,0,0,0,0,0
